sample_id,label,reason
K_82,1,empty_normalized_body
K_142,1,empty_normalized_body
K_169,1,empty_normalized_body
K_295,1,empty_normalized_body
K_470,1,empty_normalized_body
K_492,1,empty_normalized_body
K_573,1,empty_normalized_body
K_592,1,empty_normalized_body
K_650,1,empty_normalized_body
K_710,1,empty_normalized_body
K_871,1,empty_normalized_body
K_901,1,empty_normalized_body
K_936,1,empty_normalized_body
K_950,1,empty_normalized_body
K_1200,1,empty_normalized_body
K_1291,1,empty_normalized_body
K_1591,1,empty_normalized_body
K_1645,1,empty_normalized_body
K_1702,1,empty_normalized_body
K_1763,1,empty_normalized_body
K_1852,1,empty_normalized_body
K_1859,1,empty_normalized_body
K_1911,1,empty_normalized_body
K_2148,1,empty_normalized_body
K_2163,1,empty_normalized_body
K_2169,1,empty_normalized_body
K_2228,1,empty_normalized_body
K_2361,1,empty_normalized_body
K_2382,1,empty_normalized_body
K_2622,1,empty_normalized_body
K_2684,1,empty_normalized_body
K_2793,1,empty_normalized_body
K_3319,1,empty_normalized_body
K_3322,1,empty_normalized_body
K_3329,1,empty_normalized_body
K_3729,1,empty_normalized_body
K_3957,1,empty_normalized_body
K_4082,1,empty_normalized_body
K_4150,1,empty_normalized_body
K_4275,1,empty_normalized_body
K_4288,1,empty_normalized_body
K_4358,1,empty_normalized_body
K_4370,1,empty_normalized_body
K_4398,1,empty_normalized_body
K_4416,1,empty_normalized_body
K_4718,1,empty_normalized_body
K_4902,1,empty_normalized_body
K_5012,1,empty_normalized_body
K_5101,1,empty_normalized_body
K_5344,1,empty_normalized_body
K_5423,1,empty_normalized_body
K_5563,1,empty_normalized_body
K_5709,1,empty_normalized_body
K_5717,1,empty_normalized_body
K_5787,1,empty_normalized_body
K_6119,1,empty_normalized_body
K_6215,1,empty_normalized_body
K_6220,1,empty_normalized_body
K_6443,1,empty_normalized_body
K_6646,1,empty_normalized_body
K_6680,1,empty_normalized_body
K_6699,1,empty_normalized_body
K_6785,1,empty_normalized_body
K_6976,1,empty_normalized_body
K_7198,1,empty_normalized_body
K_7652,1,empty_normalized_body
K_7729,1,empty_normalized_body
K_7980,1,empty_normalized_body
K_8340,1,empty_normalized_body
K_8625,1,empty_normalized_body
K_8649,1,empty_normalized_body
K_8802,1,empty_normalized_body
K_8908,1,empty_normalized_body
K_8922,1,empty_normalized_body
K_8996,1,empty_normalized_body
K_9035,1,empty_normalized_body
K_9350,1,empty_normalized_body
K_9446,1,empty_normalized_body
K_9454,1,empty_normalized_body
K_9524,1,empty_normalized_body
K_9558,1,empty_normalized_body
K_9571,1,empty_normalized_body
K_9649,1,empty_normalized_body
K_9663,1,empty_normalized_body
K_9854,1,empty_normalized_body
K_9930,1,empty_normalized_body
K_10071,1,empty_normalized_body
K_10153,1,empty_normalized_body
K_10245,1,empty_normalized_body
K_10465,1,empty_normalized_body
K_10466,1,empty_normalized_body
K_10627,1,empty_normalized_body
K_10867,1,empty_normalized_body
K_11077,1,empty_normalized_body
K_11211,1,empty_normalized_body
K_11349,1,empty_normalized_body
K_11373,1,empty_normalized_body
K_11450,1,empty_normalized_body
K_11486,1,empty_normalized_body
K_11718,1,empty_normalized_body
K_12056,1,empty_normalized_body
K_12129,1,empty_normalized_body
K_12145,1,empty_normalized_body
K_12374,1,empty_normalized_body
K_12414,1,empty_normalized_body
K_12460,1,empty_normalized_body
K_12835,1,empty_normalized_body
K_12993,1,empty_normalized_body
K_13008,1,empty_normalized_body
K_13020,1,empty_normalized_body
K_13107,1,empty_normalized_body
K_13262,1,empty_normalized_body
K_13453,1,empty_normalized_body
K_13680,1,empty_normalized_body
K_13798,1,empty_normalized_body
K_13856,1,empty_normalized_body
K_13872,1,empty_normalized_body
K_13892,1,empty_normalized_body
K_13915,1,empty_normalized_body
K_14257,1,empty_normalized_body
K_14383,1,empty_normalized_body
K_14397,1,empty_normalized_body
K_14499,1,empty_normalized_body
K_14614,1,empty_normalized_body
K_14933,1,empty_normalized_body
K_15102,1,empty_normalized_body
K_15255,1,empty_normalized_body
K_15299,1,empty_normalized_body
K_15959,1,empty_normalized_body
K_16126,1,empty_normalized_body
K_16134,1,empty_normalized_body
K_16246,1,empty_normalized_body
K_16347,1,empty_normalized_body
K_16561,1,empty_normalized_body
K_16715,1,empty_normalized_body
K_17177,1,empty_normalized_body
K_17351,1,empty_normalized_body
K_17417,1,empty_normalized_body
K_17530,1,empty_normalized_body
K_17622,1,empty_normalized_body
K_17794,1,empty_normalized_body
K_17813,1,empty_normalized_body
K_17819,1,empty_normalized_body
K_17960,1,empty_normalized_body
K_18479,1,empty_normalized_body
K_18675,1,empty_normalized_body
K_18757,1,empty_normalized_body
K_18998,1,empty_normalized_body
K_19157,1,empty_normalized_body
K_19227,1,empty_normalized_body
K_19388,1,empty_normalized_body
K_19672,1,empty_normalized_body
K_19850,1,empty_normalized_body
K_19857,1,empty_normalized_body
K_19929,1,empty_normalized_body
K_20141,1,empty_normalized_body
K_20242,1,empty_normalized_body
K_20264,1,empty_normalized_body
K_20513,1,empty_normalized_body
K_20558,1,empty_normalized_body
K_1292,1,title_body_exact_duplicate
K_1341,1,title_body_exact_duplicate
K_1787,1,title_body_exact_duplicate
K_1808,1,title_body_exact_duplicate
K_1974,1,title_body_exact_duplicate
K_2120,1,title_body_exact_duplicate
K_2758,1,title_body_exact_duplicate
K_3039,1,title_body_exact_duplicate
K_3244,1,title_body_exact_duplicate
K_3464,1,title_body_exact_duplicate
K_3663,1,title_body_exact_duplicate
K_4148,1,title_body_exact_duplicate
K_4343,1,title_body_exact_duplicate
K_4384,1,title_body_exact_duplicate
K_4532,1,title_body_exact_duplicate
K_4550,1,title_body_exact_duplicate
K_5004,1,title_body_exact_duplicate
K_5176,1,title_body_exact_duplicate
K_5314,1,title_body_exact_duplicate
K_6111,1,title_body_exact_duplicate
K_6164,1,title_body_exact_duplicate
K_6173,1,title_body_exact_duplicate
K_6381,1,title_body_exact_duplicate
K_6527,1,title_body_exact_duplicate
K_6653,1,title_body_exact_duplicate
K_7222,1,title_body_exact_duplicate
K_7255,1,title_body_exact_duplicate
K_7399,1,title_body_exact_duplicate
K_7673,1,title_body_exact_duplicate
K_7719,1,title_body_exact_duplicate
K_7730,1,title_body_exact_duplicate
K_7866,1,title_body_exact_duplicate
K_8086,1,title_body_exact_duplicate
K_8114,1,title_body_exact_duplicate
K_8251,1,title_body_exact_duplicate
K_8278,1,title_body_exact_duplicate
K_8707,1,title_body_exact_duplicate
K_8788,1,title_body_exact_duplicate
K_8814,1,title_body_exact_duplicate
K_8830,1,title_body_exact_duplicate
K_8920,1,title_body_exact_duplicate
K_8935,1,title_body_exact_duplicate
K_9079,1,title_body_exact_duplicate
K_9142,1,title_body_exact_duplicate
K_9359,1,title_body_exact_duplicate
K_9364,1,title_body_exact_duplicate
K_9440,1,title_body_exact_duplicate
K_9478,1,title_body_exact_duplicate
K_9622,1,title_body_exact_duplicate
K_9810,1,title_body_exact_duplicate
K_9851,1,title_body_exact_duplicate
K_9925,1,title_body_exact_duplicate
K_9927,1,title_body_exact_duplicate
K_9979,1,title_body_exact_duplicate
K_9986,1,title_body_exact_duplicate
K_9994,1,title_body_exact_duplicate
K_10033,1,title_body_exact_duplicate
K_10231,1,title_body_exact_duplicate
K_10483,1,title_body_exact_duplicate
K_10628,1,title_body_exact_duplicate
K_10713,1,title_body_exact_duplicate
K_10881,1,title_body_exact_duplicate
K_10883,1,title_body_exact_duplicate
K_10892,1,title_body_exact_duplicate
K_11187,1,title_body_exact_duplicate
K_11460,1,title_body_exact_duplicate
K_11463,1,title_body_exact_duplicate
K_11631,1,title_body_exact_duplicate
K_12164,1,title_body_exact_duplicate
K_12179,1,title_body_exact_duplicate
K_12650,1,title_body_exact_duplicate
K_12680,1,title_body_exact_duplicate
K_12754,1,title_body_exact_duplicate
K_12855,1,title_body_exact_duplicate
K_12863,1,title_body_exact_duplicate
K_12925,1,title_body_exact_duplicate
K_13001,1,title_body_exact_duplicate
K_13004,1,title_body_exact_duplicate
K_13039,1,title_body_exact_duplicate
K_13219,1,title_body_exact_duplicate
K_13433,1,title_body_exact_duplicate
K_13447,1,title_body_exact_duplicate
K_13450,1,title_body_exact_duplicate
K_13477,1,title_body_exact_duplicate
K_13497,1,title_body_exact_duplicate
K_13620,1,title_body_exact_duplicate
K_13675,1,title_body_exact_duplicate
K_13830,1,title_body_exact_duplicate
K_13940,1,title_body_exact_duplicate
K_14458,1,title_body_exact_duplicate
K_14497,1,title_body_exact_duplicate
K_14504,1,title_body_exact_duplicate
K_14656,1,title_body_exact_duplicate
K_14684,1,title_body_exact_duplicate
K_14718,1,title_body_exact_duplicate
K_15007,1,title_body_exact_duplicate
K_15010,1,title_body_exact_duplicate
K_15275,1,title_body_exact_duplicate
K_15359,1,title_body_exact_duplicate
K_15386,1,title_body_exact_duplicate
K_15582,1,title_body_exact_duplicate
K_15824,1,title_body_exact_duplicate
K_15872,1,title_body_exact_duplicate
K_15915,1,title_body_exact_duplicate
K_15925,1,title_body_exact_duplicate
K_15946,1,title_body_exact_duplicate
K_16093,1,title_body_exact_duplicate
K_16273,1,title_body_exact_duplicate
K_16357,1,title_body_exact_duplicate
K_16370,1,title_body_exact_duplicate
K_16423,1,title_body_exact_duplicate
K_16631,1,title_body_exact_duplicate
K_16743,1,title_body_exact_duplicate
K_16755,1,title_body_exact_duplicate
K_16778,1,title_body_exact_duplicate
K_16929,1,title_body_exact_duplicate
K_16988,1,title_body_exact_duplicate
K_17008,1,title_body_exact_duplicate
K_17046,1,title_body_exact_duplicate
K_17125,1,title_body_exact_duplicate
K_17194,1,title_body_exact_duplicate
K_17215,1,title_body_exact_duplicate
K_17234,1,title_body_exact_duplicate
K_17411,1,title_body_exact_duplicate
K_17418,1,title_body_exact_duplicate
K_17585,1,title_body_exact_duplicate
K_17667,1,title_body_exact_duplicate
K_17780,1,title_body_exact_duplicate
K_17832,1,title_body_exact_duplicate
K_17932,1,title_body_exact_duplicate
K_18109,1,title_body_exact_duplicate
K_18176,1,title_body_exact_duplicate
K_18351,1,title_body_exact_duplicate
K_18720,1,title_body_exact_duplicate
K_19002,1,title_body_exact_duplicate
K_19009,1,title_body_exact_duplicate
K_19066,1,title_body_exact_duplicate
K_19140,1,title_body_exact_duplicate
K_19171,1,title_body_exact_duplicate
K_19254,1,title_body_exact_duplicate
K_19369,1,title_body_exact_duplicate
K_19562,1,title_body_exact_duplicate
K_19696,1,title_body_exact_duplicate
K_19739,1,title_body_exact_duplicate
K_19803,1,title_body_exact_duplicate
K_19808,1,title_body_exact_duplicate
K_19920,1,title_body_exact_duplicate
K_20092,1,title_body_exact_duplicate
K_20142,1,title_body_exact_duplicate
K_20168,1,title_body_exact_duplicate
K_20213,1,title_body_exact_duplicate
K_20427,1,title_body_exact_duplicate
K_20483,1,title_body_exact_duplicate
K_20494,1,title_body_exact_duplicate
K_20632,1,title_body_exact_duplicate
K_20652,1,title_body_exact_duplicate
K_20728,1,title_body_exact_duplicate
K_20749,1,title_body_exact_duplicate
K_20754,1,title_body_exact_duplicate
K_480,1,body_exact_duplicate
K_734,1,body_exact_duplicate
K_948,1,body_exact_duplicate
K_1486,1,body_exact_duplicate
K_1619,1,body_exact_duplicate
K_1623,1,body_exact_duplicate
K_1684,1,body_exact_duplicate
K_2589,1,body_exact_duplicate
K_2618,1,body_exact_duplicate
K_3206,1,body_exact_duplicate
K_3389,1,body_exact_duplicate
K_3479,1,body_exact_duplicate
K_3608,1,body_exact_duplicate
K_3860,1,body_exact_duplicate
K_4237,1,body_exact_duplicate
K_4480,1,body_exact_duplicate
K_4585,1,body_exact_duplicate
K_4668,1,body_exact_duplicate
K_4679,1,body_exact_duplicate
K_4726,1,body_exact_duplicate
K_4753,1,body_exact_duplicate
K_4781,1,body_exact_duplicate
K_5008,1,body_exact_duplicate
K_5052,1,body_exact_duplicate
K_5135,1,body_exact_duplicate
K_5237,1,body_exact_duplicate
K_5413,1,body_exact_duplicate
K_5539,1,body_exact_duplicate
K_5569,1,body_exact_duplicate
K_5635,1,body_exact_duplicate
K_6142,1,body_exact_duplicate
K_6168,1,body_exact_duplicate
K_6303,1,body_exact_duplicate
K_6309,1,body_exact_duplicate
K_6375,1,body_exact_duplicate
K_6429,1,body_exact_duplicate
K_6572,1,body_exact_duplicate
K_6604,1,body_exact_duplicate
K_6722,1,body_exact_duplicate
K_6799,1,body_exact_duplicate
K_6804,1,body_exact_duplicate
K_6891,1,body_exact_duplicate
K_6927,1,body_exact_duplicate
K_6942,1,body_exact_duplicate
K_7004,1,body_exact_duplicate
K_7009,1,body_exact_duplicate
K_7055,1,body_exact_duplicate
K_7196,1,body_exact_duplicate
K_7275,1,body_exact_duplicate
K_7317,1,body_exact_duplicate
K_7367,1,body_exact_duplicate
K_7425,1,body_exact_duplicate
K_7574,1,body_exact_duplicate
K_7603,1,body_exact_duplicate
K_7628,1,body_exact_duplicate
K_7680,1,body_exact_duplicate
K_7835,1,body_exact_duplicate
K_7946,1,body_exact_duplicate
K_8040,1,body_exact_duplicate
K_8077,1,body_exact_duplicate
K_8228,1,body_exact_duplicate
K_8275,1,body_exact_duplicate
K_8328,1,body_exact_duplicate
K_8361,1,body_exact_duplicate
K_8386,1,body_exact_duplicate
K_8404,1,body_exact_duplicate
K_8573,1,body_exact_duplicate
K_8594,1,body_exact_duplicate
K_8675,1,body_exact_duplicate
K_9008,1,body_exact_duplicate
K_9045,1,body_exact_duplicate
K_9519,1,body_exact_duplicate
K_9557,1,body_exact_duplicate
K_9586,1,body_exact_duplicate
K_9638,1,body_exact_duplicate
K_9702,1,body_exact_duplicate
K_9822,1,body_exact_duplicate
K_10021,1,body_exact_duplicate
K_10056,1,body_exact_duplicate
K_10095,1,body_exact_duplicate
K_10172,1,body_exact_duplicate
K_10190,1,body_exact_duplicate
K_10257,1,body_exact_duplicate
K_10276,1,body_exact_duplicate
K_10332,1,body_exact_duplicate
K_10343,1,body_exact_duplicate
K_10380,1,body_exact_duplicate
K_10478,1,body_exact_duplicate
K_10518,1,body_exact_duplicate
K_10559,1,body_exact_duplicate
K_10574,1,body_exact_duplicate
K_10709,1,body_exact_duplicate
K_10746,1,body_exact_duplicate
K_10798,1,body_exact_duplicate
K_10884,1,body_exact_duplicate
K_11061,1,body_exact_duplicate
K_11128,1,body_exact_duplicate
K_11266,1,body_exact_duplicate
K_11279,1,body_exact_duplicate
K_11494,1,body_exact_duplicate
K_11583,1,body_exact_duplicate
K_11602,1,body_exact_duplicate
K_11700,1,body_exact_duplicate
K_11877,1,body_exact_duplicate
K_11947,1,body_exact_duplicate
K_11975,1,body_exact_duplicate
K_12127,1,body_exact_duplicate
K_12212,1,body_exact_duplicate
K_12235,1,body_exact_duplicate
K_12275,1,body_exact_duplicate
K_12490,1,body_exact_duplicate
K_12513,1,body_exact_duplicate
K_12576,1,body_exact_duplicate
K_12615,1,body_exact_duplicate
K_12779,1,body_exact_duplicate
K_12864,1,body_exact_duplicate
K_12870,1,body_exact_duplicate
K_13079,1,body_exact_duplicate
K_13091,1,body_exact_duplicate
K_13321,1,body_exact_duplicate
K_13336,1,body_exact_duplicate
K_13379,1,body_exact_duplicate
K_13485,1,body_exact_duplicate
K_13618,1,body_exact_duplicate
K_13634,1,body_exact_duplicate
K_13726,1,body_exact_duplicate
K_13756,1,body_exact_duplicate
K_13932,1,body_exact_duplicate
K_14072,1,body_exact_duplicate
K_14167,1,body_exact_duplicate
K_14170,1,body_exact_duplicate
K_14183,1,body_exact_duplicate
K_14238,1,body_exact_duplicate
K_14400,1,body_exact_duplicate
K_14460,1,body_exact_duplicate
K_14582,1,body_exact_duplicate
K_14627,1,body_exact_duplicate
K_14664,1,body_exact_duplicate
K_14666,1,body_exact_duplicate
K_14847,1,body_exact_duplicate
K_14866,1,body_exact_duplicate
K_14873,1,body_exact_duplicate
K_14951,1,body_exact_duplicate
K_14970,1,body_exact_duplicate
K_15066,1,body_exact_duplicate
K_15070,1,body_exact_duplicate
K_15109,1,body_exact_duplicate
K_15148,1,body_exact_duplicate
K_15153,1,body_exact_duplicate
K_15200,1,body_exact_duplicate
K_15258,1,body_exact_duplicate
K_15454,1,body_exact_duplicate
K_15588,1,body_exact_duplicate
K_15675,1,body_exact_duplicate
K_15717,1,body_exact_duplicate
K_15745,1,body_exact_duplicate
K_15954,1,body_exact_duplicate
K_15997,1,body_exact_duplicate
K_16053,1,body_exact_duplicate
K_16094,1,body_exact_duplicate
K_16236,1,body_exact_duplicate
K_16264,1,body_exact_duplicate
K_16316,1,body_exact_duplicate
K_16467,1,body_exact_duplicate
K_16557,1,body_exact_duplicate
K_16571,1,body_exact_duplicate
K_16801,1,body_exact_duplicate
K_16833,1,body_exact_duplicate
K_16892,1,body_exact_duplicate
K_17000,1,body_exact_duplicate
K_17021,1,body_exact_duplicate
K_17097,1,body_exact_duplicate
K_17164,1,body_exact_duplicate
K_17171,1,body_exact_duplicate
K_17199,1,body_exact_duplicate
K_17243,1,body_exact_duplicate
K_17261,1,body_exact_duplicate
K_17317,1,body_exact_duplicate
K_17329,1,body_exact_duplicate
K_17336,1,body_exact_duplicate
K_17354,1,body_exact_duplicate
K_17391,1,body_exact_duplicate
K_17469,1,body_exact_duplicate
K_17488,1,body_exact_duplicate
K_17495,1,body_exact_duplicate
K_17811,1,body_exact_duplicate
K_17889,1,body_exact_duplicate
K_17937,1,body_exact_duplicate
K_17983,1,body_exact_duplicate
K_18151,1,body_exact_duplicate
K_18234,1,body_exact_duplicate
K_18262,1,body_exact_duplicate
K_18274,1,body_exact_duplicate
K_18322,1,body_exact_duplicate
K_18420,1,body_exact_duplicate
K_18491,1,body_exact_duplicate
K_18507,1,body_exact_duplicate
K_18526,1,body_exact_duplicate
K_18589,1,body_exact_duplicate
K_18590,1,body_exact_duplicate
K_18658,1,body_exact_duplicate
K_18777,1,body_exact_duplicate
K_18891,1,body_exact_duplicate
K_18929,1,body_exact_duplicate
K_18973,1,body_exact_duplicate
K_18975,1,body_exact_duplicate
K_19055,1,body_exact_duplicate
K_19166,1,body_exact_duplicate
K_19316,1,body_exact_duplicate
K_19340,1,body_exact_duplicate
K_19386,1,body_exact_duplicate
K_19635,1,body_exact_duplicate
K_19644,1,body_exact_duplicate
K_19804,1,body_exact_duplicate
K_20051,1,body_exact_duplicate
K_20088,1,body_exact_duplicate
K_20156,1,body_exact_duplicate
K_20174,1,body_exact_duplicate
K_20343,1,body_exact_duplicate
K_20418,1,body_exact_duplicate
K_20605,1,body_exact_duplicate
K_20720,1,body_exact_duplicate
K_20750,1,body_exact_duplicate
K_20769,1,body_exact_duplicate
I_9114,1,isot_body_exact_duplicate
I_9738,1,isot_body_exact_duplicate
I_9942,1,isot_body_exact_duplicate
I_10924,1,isot_body_exact_duplicate
I_11146,1,isot_body_exact_duplicate
I_11446,1,isot_body_exact_duplicate
I_11517,1,isot_body_exact_duplicate
I_11796,1,isot_body_exact_duplicate
I_12063,1,isot_body_exact_duplicate
I_12174,1,isot_body_exact_duplicate
I_12610,1,isot_body_exact_duplicate
I_12968,1,isot_body_exact_duplicate
I_14244,1,isot_body_exact_duplicate
I_14378,1,isot_body_exact_duplicate
I_14925,1,isot_body_exact_duplicate
I_15892,1,isot_body_exact_duplicate
I_15893,1,isot_body_exact_duplicate
I_15895,1,isot_body_exact_duplicate
I_15896,1,isot_body_exact_duplicate
I_15897,1,isot_body_exact_duplicate
I_15898,1,isot_body_exact_duplicate
I_15899,1,isot_body_exact_duplicate
I_15900,1,isot_body_exact_duplicate
I_15902,1,isot_body_exact_duplicate
I_15904,1,isot_body_exact_duplicate
I_15905,1,isot_body_exact_duplicate
I_15906,1,isot_body_exact_duplicate
I_15907,1,isot_body_exact_duplicate
I_15908,1,isot_body_exact_duplicate
I_15909,1,isot_body_exact_duplicate
I_15910,1,isot_body_exact_duplicate
I_15911,1,isot_body_exact_duplicate
I_15912,1,isot_body_exact_duplicate
I_15913,1,isot_body_exact_duplicate
I_15915,1,isot_body_exact_duplicate
I_15916,1,isot_body_exact_duplicate
I_15918,1,isot_body_exact_duplicate
I_15919,1,isot_body_exact_duplicate
I_15920,1,isot_body_exact_duplicate
I_15921,1,isot_body_exact_duplicate
I_15922,1,isot_body_exact_duplicate
I_15923,1,isot_body_exact_duplicate
I_15924,1,isot_body_exact_duplicate
I_15925,1,isot_body_exact_duplicate
I_15927,1,isot_body_exact_duplicate
I_15928,1,isot_body_exact_duplicate
I_15930,1,isot_body_exact_duplicate
I_15933,1,isot_body_exact_duplicate
I_15934,1,isot_body_exact_duplicate
I_15935,1,isot_body_exact_duplicate
I_15936,1,isot_body_exact_duplicate
I_15937,1,isot_body_exact_duplicate
I_15938,1,isot_body_exact_duplicate
I_15939,1,isot_body_exact_duplicate
I_15940,1,isot_body_exact_duplicate
I_15941,1,isot_body_exact_duplicate
I_15942,1,isot_body_exact_duplicate
I_15943,1,isot_body_exact_duplicate
I_15944,1,isot_body_exact_duplicate
I_15946,1,isot_body_exact_duplicate
I_15947,1,isot_body_exact_duplicate
I_15948,1,isot_body_exact_duplicate
I_15951,1,isot_body_exact_duplicate
I_15953,1,isot_body_exact_duplicate
I_15955,1,isot_body_exact_duplicate
I_15956,1,isot_body_exact_duplicate
I_15957,1,isot_body_exact_duplicate
I_15958,1,isot_body_exact_duplicate
I_15960,1,isot_body_exact_duplicate
I_15961,1,isot_body_exact_duplicate
I_15962,1,isot_body_exact_duplicate
I_15964,1,isot_body_exact_duplicate
I_15965,1,isot_body_exact_duplicate
I_15966,1,isot_body_exact_duplicate
I_15967,1,isot_body_exact_duplicate
I_15968,1,isot_body_exact_duplicate
I_15969,1,isot_body_exact_duplicate
I_15970,1,isot_body_exact_duplicate
I_15971,1,isot_body_exact_duplicate
I_15972,1,isot_body_exact_duplicate
I_15973,1,isot_body_exact_duplicate
I_15974,1,isot_body_exact_duplicate
I_15975,1,isot_body_exact_duplicate
I_15977,1,isot_body_exact_duplicate
I_15978,1,isot_body_exact_duplicate
I_15979,1,isot_body_exact_duplicate
I_15980,1,isot_body_exact_duplicate
I_15981,1,isot_body_exact_duplicate
I_15982,1,isot_body_exact_duplicate
I_15983,1,isot_body_exact_duplicate
I_15984,1,isot_body_exact_duplicate
I_15986,1,isot_body_exact_duplicate
I_15987,1,isot_body_exact_duplicate
I_15989,1,isot_body_exact_duplicate
I_15990,1,isot_body_exact_duplicate
I_15991,1,isot_body_exact_duplicate
I_15994,1,isot_body_exact_duplicate
I_15996,1,isot_body_exact_duplicate
I_15997,1,isot_body_exact_duplicate
I_15998,1,isot_body_exact_duplicate
I_15999,1,isot_body_exact_duplicate
I_16000,1,isot_body_exact_duplicate
I_16001,1,isot_body_exact_duplicate
I_16002,1,isot_body_exact_duplicate
I_16003,1,isot_body_exact_duplicate
I_16004,1,isot_body_exact_duplicate
I_16005,1,isot_body_exact_duplicate
I_16006,1,isot_body_exact_duplicate
I_16008,1,isot_body_exact_duplicate
I_16009,1,isot_body_exact_duplicate
I_16010,1,isot_body_exact_duplicate
I_16011,1,isot_body_exact_duplicate
I_16012,1,isot_body_exact_duplicate
I_16013,1,isot_body_exact_duplicate
I_16014,1,isot_body_exact_duplicate
I_16015,1,isot_body_exact_duplicate
I_16016,1,isot_body_exact_duplicate
I_16017,1,isot_body_exact_duplicate
I_16018,1,isot_body_exact_duplicate
I_16019,1,isot_body_exact_duplicate
I_16020,1,isot_body_exact_duplicate
I_16021,1,isot_body_exact_duplicate
I_16022,1,isot_body_exact_duplicate
I_16023,1,isot_body_exact_duplicate
I_16024,1,isot_body_exact_duplicate
I_16025,1,isot_body_exact_duplicate
I_16026,1,isot_body_exact_duplicate
I_16027,1,isot_body_exact_duplicate
I_16029,1,isot_body_exact_duplicate
I_16030,1,isot_body_exact_duplicate
I_16032,1,isot_body_exact_duplicate
I_16033,1,isot_body_exact_duplicate
I_16034,1,isot_body_exact_duplicate
I_16035,1,isot_body_exact_duplicate
I_16036,1,isot_body_exact_duplicate
I_16037,1,isot_body_exact_duplicate
I_16038,1,isot_body_exact_duplicate
I_16039,1,isot_body_exact_duplicate
I_16040,1,isot_body_exact_duplicate
I_16041,1,isot_body_exact_duplicate
I_16042,1,isot_body_exact_duplicate
I_16044,1,isot_body_exact_duplicate
I_16045,1,isot_body_exact_duplicate
I_16047,1,isot_body_exact_duplicate
I_16048,1,isot_body_exact_duplicate
I_16049,1,isot_body_exact_duplicate
I_16050,1,isot_body_exact_duplicate
I_16051,1,isot_body_exact_duplicate
I_16052,1,isot_body_exact_duplicate
I_16053,1,isot_body_exact_duplicate
I_16054,1,isot_body_exact_duplicate
I_16055,1,isot_body_exact_duplicate
I_16056,1,isot_body_exact_duplicate
I_16057,1,isot_body_exact_duplicate
I_16058,1,isot_body_exact_duplicate
I_16059,1,isot_body_exact_duplicate
I_16060,1,isot_body_exact_duplicate
I_16061,1,isot_body_exact_duplicate
I_16062,1,isot_body_exact_duplicate
I_16065,1,isot_body_exact_duplicate
I_16067,1,isot_body_exact_duplicate
I_16068,1,isot_body_exact_duplicate
I_16069,1,isot_body_exact_duplicate
I_16070,1,isot_body_exact_duplicate
I_16071,1,isot_body_exact_duplicate
I_16072,1,isot_body_exact_duplicate
I_16073,1,isot_body_exact_duplicate
I_16075,1,isot_body_exact_duplicate
I_16076,1,isot_body_exact_duplicate
I_16078,1,isot_body_exact_duplicate
I_16079,1,isot_body_exact_duplicate
I_16080,1,isot_body_exact_duplicate
I_16081,1,isot_body_exact_duplicate
I_16082,1,isot_body_exact_duplicate
I_16083,1,isot_body_exact_duplicate
I_16084,1,isot_body_exact_duplicate
I_16085,1,isot_body_exact_duplicate
I_16086,1,isot_body_exact_duplicate
I_16087,1,isot_body_exact_duplicate
I_16088,1,isot_body_exact_duplicate
I_16089,1,isot_body_exact_duplicate
I_16090,1,isot_body_exact_duplicate
I_16091,1,isot_body_exact_duplicate
I_16092,1,isot_body_exact_duplicate
I_16093,1,isot_body_exact_duplicate
I_16094,1,isot_body_exact_duplicate
I_16095,1,isot_body_exact_duplicate
I_16096,1,isot_body_exact_duplicate
I_16097,1,isot_body_exact_duplicate
I_16099,1,isot_body_exact_duplicate
I_16100,1,isot_body_exact_duplicate
I_16102,1,isot_body_exact_duplicate
I_16103,1,isot_body_exact_duplicate
I_16104,1,isot_body_exact_duplicate
I_16105,1,isot_body_exact_duplicate
I_16107,1,isot_body_exact_duplicate
I_16108,1,isot_body_exact_duplicate
I_16109,1,isot_body_exact_duplicate
I_16110,1,isot_body_exact_duplicate
I_16111,1,isot_body_exact_duplicate
I_16114,1,isot_body_exact_duplicate
I_16116,1,isot_body_exact_duplicate
I_16118,1,isot_body_exact_duplicate
I_16119,1,isot_body_exact_duplicate
I_16120,1,isot_body_exact_duplicate
I_16121,1,isot_body_exact_duplicate
I_16122,1,isot_body_exact_duplicate
I_16123,1,isot_body_exact_duplicate
I_16124,1,isot_body_exact_duplicate
I_16125,1,isot_body_exact_duplicate
I_16126,1,isot_body_exact_duplicate
I_16127,1,isot_body_exact_duplicate
I_16128,1,isot_body_exact_duplicate
I_16129,1,isot_body_exact_duplicate
I_16130,1,isot_body_exact_duplicate
I_16132,1,isot_body_exact_duplicate
I_16133,1,isot_body_exact_duplicate
I_16134,1,isot_body_exact_duplicate
I_16135,1,isot_body_exact_duplicate
I_16136,1,isot_body_exact_duplicate
I_16138,1,isot_body_exact_duplicate
I_16139,1,isot_body_exact_duplicate
I_16141,1,isot_body_exact_duplicate
I_16142,1,isot_body_exact_duplicate
I_16144,1,isot_body_exact_duplicate
I_16146,1,isot_body_exact_duplicate
I_16147,1,isot_body_exact_duplicate
I_16148,1,isot_body_exact_duplicate
I_16150,1,isot_body_exact_duplicate
I_16152,1,isot_body_exact_duplicate
I_16153,1,isot_body_exact_duplicate
I_16155,1,isot_body_exact_duplicate
I_16156,1,isot_body_exact_duplicate
I_16157,1,isot_body_exact_duplicate
I_16158,1,isot_body_exact_duplicate
I_16159,1,isot_body_exact_duplicate
I_16160,1,isot_body_exact_duplicate
I_16161,1,isot_body_exact_duplicate
I_16162,1,isot_body_exact_duplicate
I_16163,1,isot_body_exact_duplicate
I_16164,1,isot_body_exact_duplicate
I_16167,1,isot_body_exact_duplicate
I_16169,1,isot_body_exact_duplicate
I_16171,1,isot_body_exact_duplicate
I_16172,1,isot_body_exact_duplicate
I_16174,1,isot_body_exact_duplicate
I_16175,1,isot_body_exact_duplicate
I_16176,1,isot_body_exact_duplicate
I_16177,1,isot_body_exact_duplicate
I_16181,1,isot_body_exact_duplicate
I_16184,1,isot_body_exact_duplicate
I_16188,1,isot_body_exact_duplicate
I_16191,1,isot_body_exact_duplicate
I_16195,1,isot_body_exact_duplicate
I_16197,1,isot_body_exact_duplicate
I_16198,1,isot_body_exact_duplicate
I_16200,1,isot_body_exact_duplicate
I_16201,1,isot_body_exact_duplicate
I_16202,1,isot_body_exact_duplicate
I_16205,1,isot_body_exact_duplicate
I_16208,1,isot_body_exact_duplicate
I_16211,1,isot_body_exact_duplicate
I_16215,1,isot_body_exact_duplicate
I_16221,1,isot_body_exact_duplicate
I_16229,1,isot_body_exact_duplicate
I_16231,1,isot_body_exact_duplicate
I_16236,1,isot_body_exact_duplicate
I_16241,1,isot_body_exact_duplicate
I_16242,1,isot_body_exact_duplicate
I_16244,1,isot_body_exact_duplicate
I_16246,1,isot_body_exact_duplicate
I_16248,1,isot_body_exact_duplicate
I_16249,1,isot_body_exact_duplicate
I_16252,1,isot_body_exact_duplicate
I_16254,1,isot_body_exact_duplicate
I_16256,1,isot_body_exact_duplicate
I_16257,1,isot_body_exact_duplicate
I_16260,1,isot_body_exact_duplicate
I_16261,1,isot_body_exact_duplicate
I_16262,1,isot_body_exact_duplicate
I_16263,1,isot_body_exact_duplicate
I_16265,1,isot_body_exact_duplicate
I_16266,1,isot_body_exact_duplicate
I_16269,1,isot_body_exact_duplicate
I_16272,1,isot_body_exact_duplicate
I_16275,1,isot_body_exact_duplicate
I_16276,1,isot_body_exact_duplicate
I_16277,1,isot_body_exact_duplicate
I_16278,1,isot_body_exact_duplicate
I_16279,1,isot_body_exact_duplicate
I_16284,1,isot_body_exact_duplicate
I_16288,1,isot_body_exact_duplicate
I_16289,1,isot_body_exact_duplicate
I_16291,1,isot_body_exact_duplicate
I_16292,1,isot_body_exact_duplicate
I_16294,1,isot_body_exact_duplicate
I_16295,1,isot_body_exact_duplicate
I_16297,1,isot_body_exact_duplicate
I_16299,1,isot_body_exact_duplicate
I_16300,1,isot_body_exact_duplicate
I_16302,1,isot_body_exact_duplicate
I_16303,1,isot_body_exact_duplicate
I_16304,1,isot_body_exact_duplicate
I_16305,1,isot_body_exact_duplicate
I_16307,1,isot_body_exact_duplicate
I_16308,1,isot_body_exact_duplicate
I_16311,1,isot_body_exact_duplicate
I_16312,1,isot_body_exact_duplicate
I_16316,1,isot_body_exact_duplicate
I_16317,1,isot_body_exact_duplicate
I_16319,1,isot_body_exact_duplicate
I_16320,1,isot_body_exact_duplicate
I_16321,1,isot_body_exact_duplicate
I_16322,1,isot_body_exact_duplicate
I_16323,1,isot_body_exact_duplicate
I_16324,1,isot_body_exact_duplicate
I_16325,1,isot_body_exact_duplicate
I_16326,1,isot_body_exact_duplicate
I_16328,1,isot_body_exact_duplicate
I_16330,1,isot_body_exact_duplicate
I_16331,1,isot_body_exact_duplicate
I_16332,1,isot_body_exact_duplicate
I_16333,1,isot_body_exact_duplicate
I_16334,1,isot_body_exact_duplicate
I_16335,1,isot_body_exact_duplicate
I_16337,1,isot_body_exact_duplicate
I_16338,1,isot_body_exact_duplicate
I_16340,1,isot_body_exact_duplicate
I_16341,1,isot_body_exact_duplicate
I_16344,1,isot_body_exact_duplicate
I_16348,1,isot_body_exact_duplicate
I_16349,1,isot_body_exact_duplicate
I_16350,1,isot_body_exact_duplicate
I_16351,1,isot_body_exact_duplicate
I_16352,1,isot_body_exact_duplicate
I_16354,1,isot_body_exact_duplicate
I_16355,1,isot_body_exact_duplicate
I_16357,1,isot_body_exact_duplicate
I_16361,1,isot_body_exact_duplicate
I_16362,1,isot_body_exact_duplicate
I_16363,1,isot_body_exact_duplicate
I_16364,1,isot_body_exact_duplicate
I_16365,1,isot_body_exact_duplicate
I_16367,1,isot_body_exact_duplicate
I_16369,1,isot_body_exact_duplicate
I_16370,1,isot_body_exact_duplicate
I_16371,1,isot_body_exact_duplicate
I_16372,1,isot_body_exact_duplicate
I_16373,1,isot_body_exact_duplicate
I_16375,1,isot_body_exact_duplicate
I_16376,1,isot_body_exact_duplicate
I_16379,1,isot_body_exact_duplicate
I_16381,1,isot_body_exact_duplicate
I_16384,1,isot_body_exact_duplicate
I_16388,1,isot_body_exact_duplicate
I_16389,1,isot_body_exact_duplicate
I_16390,1,isot_body_exact_duplicate
I_16391,1,isot_body_exact_duplicate
I_16392,1,isot_body_exact_duplicate
I_16393,1,isot_body_exact_duplicate
I_16394,1,isot_body_exact_duplicate
I_16395,1,isot_body_exact_duplicate
I_16396,1,isot_body_exact_duplicate
I_16397,1,isot_body_exact_duplicate
I_16398,1,isot_body_exact_duplicate
I_16399,1,isot_body_exact_duplicate
I_16400,1,isot_body_exact_duplicate
I_16402,1,isot_body_exact_duplicate
I_16403,1,isot_body_exact_duplicate
I_16404,1,isot_body_exact_duplicate
I_16406,1,isot_body_exact_duplicate
I_16409,1,isot_body_exact_duplicate
I_16410,1,isot_body_exact_duplicate
I_16413,1,isot_body_exact_duplicate
I_16419,1,isot_body_exact_duplicate
I_16421,1,isot_body_exact_duplicate
I_16422,1,isot_body_exact_duplicate
I_16424,1,isot_body_exact_duplicate
I_16429,1,isot_body_exact_duplicate
I_16431,1,isot_body_exact_duplicate
I_16432,1,isot_body_exact_duplicate
I_16433,1,isot_body_exact_duplicate
I_16434,1,isot_body_exact_duplicate
I_16435,1,isot_body_exact_duplicate
I_16438,1,isot_body_exact_duplicate
I_16439,1,isot_body_exact_duplicate
I_16440,1,isot_body_exact_duplicate
I_16441,1,isot_body_exact_duplicate
I_16443,1,isot_body_exact_duplicate
I_16444,1,isot_body_exact_duplicate
I_16445,1,isot_body_exact_duplicate
I_16446,1,isot_body_exact_duplicate
I_16448,1,isot_body_exact_duplicate
I_16449,1,isot_body_exact_duplicate
I_16450,1,isot_body_exact_duplicate
I_16451,1,isot_body_exact_duplicate
I_16452,1,isot_body_exact_duplicate
I_16453,1,isot_body_exact_duplicate
I_16454,1,isot_body_exact_duplicate
I_16455,1,isot_body_exact_duplicate
I_16457,1,isot_body_exact_duplicate
I_16458,1,isot_body_exact_duplicate
I_16459,1,isot_body_exact_duplicate
I_16460,1,isot_body_exact_duplicate
I_16461,1,isot_body_exact_duplicate
I_16462,1,isot_body_exact_duplicate
I_16463,1,isot_body_exact_duplicate
I_16464,1,isot_body_exact_duplicate
I_16465,1,isot_body_exact_duplicate
I_16466,1,isot_body_exact_duplicate
I_16468,1,isot_body_exact_duplicate
I_16469,1,isot_body_exact_duplicate
I_16470,1,isot_body_exact_duplicate
I_16472,1,isot_body_exact_duplicate
I_16473,1,isot_body_exact_duplicate
I_16474,1,isot_body_exact_duplicate
I_16475,1,isot_body_exact_duplicate
I_16476,1,isot_body_exact_duplicate
I_16477,1,isot_body_exact_duplicate
I_16478,1,isot_body_exact_duplicate
I_16479,1,isot_body_exact_duplicate
I_16480,1,isot_body_exact_duplicate
I_16482,1,isot_body_exact_duplicate
I_16483,1,isot_body_exact_duplicate
I_16484,1,isot_body_exact_duplicate
I_16485,1,isot_body_exact_duplicate
I_16486,1,isot_body_exact_duplicate
I_16487,1,isot_body_exact_duplicate
I_16488,1,isot_body_exact_duplicate
I_16489,1,isot_body_exact_duplicate
I_16490,1,isot_body_exact_duplicate
I_16491,1,isot_body_exact_duplicate
I_16492,1,isot_body_exact_duplicate
I_16493,1,isot_body_exact_duplicate
I_16495,1,isot_body_exact_duplicate
I_16496,1,isot_body_exact_duplicate
I_16498,1,isot_body_exact_duplicate
I_16499,1,isot_body_exact_duplicate
I_16500,1,isot_body_exact_duplicate
I_16501,1,isot_body_exact_duplicate
I_16502,1,isot_body_exact_duplicate
I_16503,1,isot_body_exact_duplicate
I_16507,1,isot_body_exact_duplicate
I_16509,1,isot_body_exact_duplicate
I_16510,1,isot_body_exact_duplicate
I_16511,1,isot_body_exact_duplicate
I_16513,1,isot_body_exact_duplicate
I_16514,1,isot_body_exact_duplicate
I_16515,1,isot_body_exact_duplicate
I_16516,1,isot_body_exact_duplicate
I_16518,1,isot_body_exact_duplicate
I_16519,1,isot_body_exact_duplicate
I_16520,1,isot_body_exact_duplicate
I_16521,1,isot_body_exact_duplicate
I_16523,1,isot_body_exact_duplicate
I_16527,1,isot_body_exact_duplicate
I_16529,1,isot_body_exact_duplicate
I_16530,1,isot_body_exact_duplicate
I_16531,1,isot_body_exact_duplicate
I_16532,1,isot_body_exact_duplicate
I_16536,1,isot_body_exact_duplicate
I_16537,1,isot_body_exact_duplicate
I_16539,1,isot_body_exact_duplicate
I_16540,1,isot_body_exact_duplicate
I_16541,1,isot_body_exact_duplicate
I_16543,1,isot_body_exact_duplicate
I_16544,1,isot_body_exact_duplicate
I_16545,1,isot_body_exact_duplicate
I_16547,1,isot_body_exact_duplicate
I_16548,1,isot_body_exact_duplicate
I_16550,1,isot_body_exact_duplicate
I_16551,1,isot_body_exact_duplicate
I_16552,1,isot_body_exact_duplicate
I_16553,1,isot_body_exact_duplicate
I_16554,1,isot_body_exact_duplicate
I_16555,1,isot_body_exact_duplicate
I_16556,1,isot_body_exact_duplicate
I_16557,1,isot_body_exact_duplicate
I_16562,1,isot_body_exact_duplicate
I_16564,1,isot_body_exact_duplicate
I_16565,1,isot_body_exact_duplicate
I_16568,1,isot_body_exact_duplicate
I_16569,1,isot_body_exact_duplicate
I_16570,1,isot_body_exact_duplicate
I_16573,1,isot_body_exact_duplicate
I_16574,1,isot_body_exact_duplicate
I_16575,1,isot_body_exact_duplicate
I_16580,1,isot_body_exact_duplicate
I_16582,1,isot_body_exact_duplicate
I_16588,1,isot_body_exact_duplicate
I_16590,1,isot_body_exact_duplicate
I_16591,1,isot_body_exact_duplicate
I_16592,1,isot_body_exact_duplicate
I_16594,1,isot_body_exact_duplicate
I_16595,1,isot_body_exact_duplicate
I_16598,1,isot_body_exact_duplicate
I_16599,1,isot_body_exact_duplicate
I_16600,1,isot_body_exact_duplicate
I_16602,1,isot_body_exact_duplicate
I_16603,1,isot_body_exact_duplicate
I_16605,1,isot_body_exact_duplicate
I_16607,1,isot_body_exact_duplicate
I_16609,1,isot_body_exact_duplicate
I_16610,1,isot_body_exact_duplicate
I_16613,1,isot_body_exact_duplicate
I_16614,1,isot_body_exact_duplicate
I_16615,1,isot_body_exact_duplicate
I_16616,1,isot_body_exact_duplicate
I_16617,1,isot_body_exact_duplicate
I_16618,1,isot_body_exact_duplicate
I_16619,1,isot_body_exact_duplicate
I_16621,1,isot_body_exact_duplicate
I_16622,1,isot_body_exact_duplicate
I_16624,1,isot_body_exact_duplicate
I_16625,1,isot_body_exact_duplicate
I_16626,1,isot_body_exact_duplicate
I_16628,1,isot_body_exact_duplicate
I_16630,1,isot_body_exact_duplicate
I_16634,1,isot_body_exact_duplicate
I_16638,1,isot_body_exact_duplicate
I_16639,1,isot_body_exact_duplicate
I_16640,1,isot_body_exact_duplicate
I_16641,1,isot_body_exact_duplicate
I_16643,1,isot_body_exact_duplicate
I_16644,1,isot_body_exact_duplicate
I_16645,1,isot_body_exact_duplicate
I_16646,1,isot_body_exact_duplicate
I_16647,1,isot_body_exact_duplicate
I_16648,1,isot_body_exact_duplicate
I_16650,1,isot_body_exact_duplicate
I_16652,1,isot_body_exact_duplicate
I_16656,1,isot_body_exact_duplicate
I_16659,1,isot_body_exact_duplicate
I_16660,1,isot_body_exact_duplicate
I_16664,1,isot_body_exact_duplicate
I_16668,1,isot_body_exact_duplicate
I_16669,1,isot_body_exact_duplicate
I_16671,1,isot_body_exact_duplicate
I_16679,1,isot_body_exact_duplicate
I_16680,1,isot_body_exact_duplicate
I_16681,1,isot_body_exact_duplicate
I_16682,1,isot_body_exact_duplicate
I_16685,1,isot_body_exact_duplicate
I_16686,1,isot_body_exact_duplicate
I_16687,1,isot_body_exact_duplicate
I_16688,1,isot_body_exact_duplicate
I_16691,1,isot_body_exact_duplicate
I_16692,1,isot_body_exact_duplicate
I_16693,1,isot_body_exact_duplicate
I_16694,1,isot_body_exact_duplicate
I_16695,1,isot_body_exact_duplicate
I_16696,1,isot_body_exact_duplicate
I_16697,1,isot_body_exact_duplicate
I_16698,1,isot_body_exact_duplicate
I_16701,1,isot_body_exact_duplicate
I_16702,1,isot_body_exact_duplicate
I_16703,1,isot_body_exact_duplicate
I_16704,1,isot_body_exact_duplicate
I_16706,1,isot_body_exact_duplicate
I_16707,1,isot_body_exact_duplicate
I_16710,1,isot_body_exact_duplicate
I_16711,1,isot_body_exact_duplicate
I_16712,1,isot_body_exact_duplicate
I_16713,1,isot_body_exact_duplicate
I_16714,1,isot_body_exact_duplicate
I_16716,1,isot_body_exact_duplicate
I_16717,1,isot_body_exact_duplicate
I_16718,1,isot_body_exact_duplicate
I_16725,1,isot_body_exact_duplicate
I_16727,1,isot_body_exact_duplicate
I_16729,1,isot_body_exact_duplicate
I_16730,1,isot_body_exact_duplicate
I_16732,1,isot_body_exact_duplicate
I_16734,1,isot_body_exact_duplicate
I_16736,1,isot_body_exact_duplicate
I_16737,1,isot_body_exact_duplicate
I_16738,1,isot_body_exact_duplicate
I_16740,1,isot_body_exact_duplicate
I_16742,1,isot_body_exact_duplicate
I_16745,1,isot_body_exact_duplicate
I_16748,1,isot_body_exact_duplicate
I_16749,1,isot_body_exact_duplicate
I_16751,1,isot_body_exact_duplicate
I_16752,1,isot_body_exact_duplicate
I_16753,1,isot_body_exact_duplicate
I_16754,1,isot_body_exact_duplicate
I_16755,1,isot_body_exact_duplicate
I_16756,1,isot_body_exact_duplicate
I_16757,1,isot_body_exact_duplicate
I_16758,1,isot_body_exact_duplicate
I_16759,1,isot_body_exact_duplicate
I_16760,1,isot_body_exact_duplicate
I_16761,1,isot_body_exact_duplicate
I_16763,1,isot_body_exact_duplicate
I_16765,1,isot_body_exact_duplicate
I_16766,1,isot_body_exact_duplicate
I_16767,1,isot_body_exact_duplicate
I_16768,1,isot_body_exact_duplicate
I_16769,1,isot_body_exact_duplicate
I_16773,1,isot_body_exact_duplicate
I_16776,1,isot_body_exact_duplicate
I_16777,1,isot_body_exact_duplicate
I_16778,1,isot_body_exact_duplicate
I_16779,1,isot_body_exact_duplicate
I_16780,1,isot_body_exact_duplicate
I_16781,1,isot_body_exact_duplicate
I_16783,1,isot_body_exact_duplicate
I_16784,1,isot_body_exact_duplicate
I_16785,1,isot_body_exact_duplicate
I_16786,1,isot_body_exact_duplicate
I_16787,1,isot_body_exact_duplicate
I_16790,1,isot_body_exact_duplicate
I_16791,1,isot_body_exact_duplicate
I_16794,1,isot_body_exact_duplicate
I_16797,1,isot_body_exact_duplicate
I_16798,1,isot_body_exact_duplicate
I_16801,1,isot_body_exact_duplicate
I_16802,1,isot_body_exact_duplicate
I_16803,1,isot_body_exact_duplicate
I_16804,1,isot_body_exact_duplicate
I_16806,1,isot_body_exact_duplicate
I_16808,1,isot_body_exact_duplicate
I_16809,1,isot_body_exact_duplicate
I_16811,1,isot_body_exact_duplicate
I_16812,1,isot_body_exact_duplicate
I_16813,1,isot_body_exact_duplicate
I_16814,1,isot_body_exact_duplicate
I_16817,1,isot_body_exact_duplicate
I_16820,1,isot_body_exact_duplicate
I_16821,1,isot_body_exact_duplicate
I_16822,1,isot_body_exact_duplicate
I_16823,1,isot_body_exact_duplicate
I_16824,1,isot_body_exact_duplicate
I_16826,1,isot_body_exact_duplicate
I_16827,1,isot_body_exact_duplicate
I_16828,1,isot_body_exact_duplicate
I_16829,1,isot_body_exact_duplicate
I_16830,1,isot_body_exact_duplicate
I_16833,1,isot_body_exact_duplicate
I_16835,1,isot_body_exact_duplicate
I_16837,1,isot_body_exact_duplicate
I_16838,1,isot_body_exact_duplicate
I_16839,1,isot_body_exact_duplicate
I_16840,1,isot_body_exact_duplicate
I_16841,1,isot_body_exact_duplicate
I_16842,1,isot_body_exact_duplicate
I_16843,1,isot_body_exact_duplicate
I_16845,1,isot_body_exact_duplicate
I_16846,1,isot_body_exact_duplicate
I_16847,1,isot_body_exact_duplicate
I_16848,1,isot_body_exact_duplicate
I_16850,1,isot_body_exact_duplicate
I_16851,1,isot_body_exact_duplicate
I_16852,1,isot_body_exact_duplicate
I_16853,1,isot_body_exact_duplicate
I_16854,1,isot_body_exact_duplicate
I_16855,1,isot_body_exact_duplicate
I_16856,1,isot_body_exact_duplicate
I_16858,1,isot_body_exact_duplicate
I_16859,1,isot_body_exact_duplicate
I_16860,1,isot_body_exact_duplicate
I_16861,1,isot_body_exact_duplicate
I_16862,1,isot_body_exact_duplicate
I_16864,1,isot_body_exact_duplicate
I_16865,1,isot_body_exact_duplicate
I_16867,1,isot_body_exact_duplicate
I_16868,1,isot_body_exact_duplicate
I_16869,1,isot_body_exact_duplicate
I_16871,1,isot_body_exact_duplicate
I_16873,1,isot_body_exact_duplicate
I_16875,1,isot_body_exact_duplicate
I_16876,1,isot_body_exact_duplicate
I_16878,1,isot_body_exact_duplicate
I_16879,1,isot_body_exact_duplicate
I_16881,1,isot_body_exact_duplicate
I_16886,1,isot_body_exact_duplicate
I_16887,1,isot_body_exact_duplicate
I_16888,1,isot_body_exact_duplicate
I_16890,1,isot_body_exact_duplicate
I_16892,1,isot_body_exact_duplicate
I_16895,1,isot_body_exact_duplicate
I_16896,1,isot_body_exact_duplicate
I_16900,1,isot_body_exact_duplicate
I_16901,1,isot_body_exact_duplicate
I_16903,1,isot_body_exact_duplicate
I_16904,1,isot_body_exact_duplicate
I_16905,1,isot_body_exact_duplicate
I_16910,1,isot_body_exact_duplicate
I_16911,1,isot_body_exact_duplicate
I_16913,1,isot_body_exact_duplicate
I_16916,1,isot_body_exact_duplicate
I_16918,1,isot_body_exact_duplicate
I_16921,1,isot_body_exact_duplicate
I_16922,1,isot_body_exact_duplicate
I_16923,1,isot_body_exact_duplicate
I_16924,1,isot_body_exact_duplicate
I_16925,1,isot_body_exact_duplicate
I_16928,1,isot_body_exact_duplicate
I_16931,1,isot_body_exact_duplicate
I_16934,1,isot_body_exact_duplicate
I_16935,1,isot_body_exact_duplicate
I_16937,1,isot_body_exact_duplicate
I_16938,1,isot_body_exact_duplicate
I_16939,1,isot_body_exact_duplicate
I_16940,1,isot_body_exact_duplicate
I_16942,1,isot_body_exact_duplicate
I_16944,1,isot_body_exact_duplicate
I_16945,1,isot_body_exact_duplicate
I_16946,1,isot_body_exact_duplicate
I_16948,1,isot_body_exact_duplicate
I_16949,1,isot_body_exact_duplicate
I_16950,1,isot_body_exact_duplicate
I_16951,1,isot_body_exact_duplicate
I_16954,1,isot_body_exact_duplicate
I_16955,1,isot_body_exact_duplicate
I_16956,1,isot_body_exact_duplicate
I_16957,1,isot_body_exact_duplicate
I_16961,1,isot_body_exact_duplicate
I_16962,1,isot_body_exact_duplicate
I_16963,1,isot_body_exact_duplicate
I_16964,1,isot_body_exact_duplicate
I_16969,1,isot_body_exact_duplicate
I_16970,1,isot_body_exact_duplicate
I_16971,1,isot_body_exact_duplicate
I_16972,1,isot_body_exact_duplicate
I_16974,1,isot_body_exact_duplicate
I_16975,1,isot_body_exact_duplicate
I_16976,1,isot_body_exact_duplicate
I_16977,1,isot_body_exact_duplicate
I_16978,1,isot_body_exact_duplicate
I_16980,1,isot_body_exact_duplicate
I_16981,1,isot_body_exact_duplicate
I_16982,1,isot_body_exact_duplicate
I_16984,1,isot_body_exact_duplicate
I_16985,1,isot_body_exact_duplicate
I_16986,1,isot_body_exact_duplicate
I_16988,1,isot_body_exact_duplicate
I_16989,1,isot_body_exact_duplicate
I_16990,1,isot_body_exact_duplicate
I_16995,1,isot_body_exact_duplicate
I_16996,1,isot_body_exact_duplicate
I_16997,1,isot_body_exact_duplicate
I_16998,1,isot_body_exact_duplicate
I_17000,1,isot_body_exact_duplicate
I_17004,1,isot_body_exact_duplicate
I_17005,1,isot_body_exact_duplicate
I_17006,1,isot_body_exact_duplicate
I_17007,1,isot_body_exact_duplicate
I_17008,1,isot_body_exact_duplicate
I_17009,1,isot_body_exact_duplicate
I_17012,1,isot_body_exact_duplicate
I_17014,1,isot_body_exact_duplicate
I_17015,1,isot_body_exact_duplicate
I_17017,1,isot_body_exact_duplicate
I_17019,1,isot_body_exact_duplicate
I_17020,1,isot_body_exact_duplicate
I_17022,1,isot_body_exact_duplicate
I_17024,1,isot_body_exact_duplicate
I_17025,1,isot_body_exact_duplicate
I_17026,1,isot_body_exact_duplicate
I_17030,1,isot_body_exact_duplicate
I_17031,1,isot_body_exact_duplicate
I_17032,1,isot_body_exact_duplicate
I_17037,1,isot_body_exact_duplicate
I_17039,1,isot_body_exact_duplicate
I_17041,1,isot_body_exact_duplicate
I_17043,1,isot_body_exact_duplicate
I_17045,1,isot_body_exact_duplicate
I_17046,1,isot_body_exact_duplicate
I_17051,1,isot_body_exact_duplicate
I_17054,1,isot_body_exact_duplicate
I_17056,1,isot_body_exact_duplicate
I_17058,1,isot_body_exact_duplicate
I_17059,1,isot_body_exact_duplicate
I_17063,1,isot_body_exact_duplicate
I_17066,1,isot_body_exact_duplicate
I_17067,1,isot_body_exact_duplicate
I_17068,1,isot_body_exact_duplicate
I_17072,1,isot_body_exact_duplicate
I_17073,1,isot_body_exact_duplicate
I_17075,1,isot_body_exact_duplicate
I_17077,1,isot_body_exact_duplicate
I_17078,1,isot_body_exact_duplicate
I_17079,1,isot_body_exact_duplicate
I_17080,1,isot_body_exact_duplicate
I_17083,1,isot_body_exact_duplicate
I_17084,1,isot_body_exact_duplicate
I_17085,1,isot_body_exact_duplicate
I_17087,1,isot_body_exact_duplicate
I_17088,1,isot_body_exact_duplicate
I_17089,1,isot_body_exact_duplicate
I_17090,1,isot_body_exact_duplicate
I_17092,1,isot_body_exact_duplicate
I_17102,1,isot_body_exact_duplicate
I_17104,1,isot_body_exact_duplicate
I_17107,1,isot_body_exact_duplicate
I_17110,1,isot_body_exact_duplicate
I_17111,1,isot_body_exact_duplicate
I_17112,1,isot_body_exact_duplicate
I_17114,1,isot_body_exact_duplicate
I_17118,1,isot_body_exact_duplicate
I_17120,1,isot_body_exact_duplicate
I_17121,1,isot_body_exact_duplicate
I_17126,1,isot_body_exact_duplicate
I_17131,1,isot_body_exact_duplicate
I_17136,1,isot_body_exact_duplicate
I_17138,1,isot_body_exact_duplicate
I_17139,1,isot_body_exact_duplicate
I_17140,1,isot_body_exact_duplicate
I_17143,1,isot_body_exact_duplicate
I_17145,1,isot_body_exact_duplicate
I_17148,1,isot_body_exact_duplicate
I_17151,1,isot_body_exact_duplicate
I_17152,1,isot_body_exact_duplicate
I_17154,1,isot_body_exact_duplicate
I_17161,1,isot_body_exact_duplicate
I_17166,1,isot_body_exact_duplicate
I_17169,1,isot_body_exact_duplicate
I_17171,1,isot_body_exact_duplicate
I_17174,1,isot_body_exact_duplicate
I_17175,1,isot_body_exact_duplicate
I_17179,1,isot_body_exact_duplicate
I_17180,1,isot_body_exact_duplicate
I_17182,1,isot_body_exact_duplicate
I_17189,1,isot_body_exact_duplicate
I_17190,1,isot_body_exact_duplicate
I_17192,1,isot_body_exact_duplicate
I_17193,1,isot_body_exact_duplicate
I_17195,1,isot_body_exact_duplicate
I_17196,1,isot_body_exact_duplicate
I_17197,1,isot_body_exact_duplicate
I_17198,1,isot_body_exact_duplicate
I_17199,1,isot_body_exact_duplicate
I_17201,1,isot_body_exact_duplicate
I_17202,1,isot_body_exact_duplicate
I_17204,1,isot_body_exact_duplicate
I_17205,1,isot_body_exact_duplicate
I_17211,1,isot_body_exact_duplicate
I_17213,1,isot_body_exact_duplicate
I_17215,1,isot_body_exact_duplicate
I_17216,1,isot_body_exact_duplicate
I_17217,1,isot_body_exact_duplicate
I_17219,1,isot_body_exact_duplicate
I_17227,1,isot_body_exact_duplicate
I_17230,1,isot_body_exact_duplicate
I_17231,1,isot_body_exact_duplicate
I_17243,1,isot_body_exact_duplicate
I_17245,1,isot_body_exact_duplicate
I_17247,1,isot_body_exact_duplicate
I_17249,1,isot_body_exact_duplicate
I_17251,1,isot_body_exact_duplicate
I_17252,1,isot_body_exact_duplicate
I_17253,1,isot_body_exact_duplicate
I_17254,1,isot_body_exact_duplicate
I_17258,1,isot_body_exact_duplicate
I_17259,1,isot_body_exact_duplicate
I_17260,1,isot_body_exact_duplicate
I_17261,1,isot_body_exact_duplicate
I_17263,1,isot_body_exact_duplicate
I_17264,1,isot_body_exact_duplicate
I_17265,1,isot_body_exact_duplicate
I_17267,1,isot_body_exact_duplicate
I_17269,1,isot_body_exact_duplicate
I_17271,1,isot_body_exact_duplicate
I_17273,1,isot_body_exact_duplicate
I_17275,1,isot_body_exact_duplicate
I_17276,1,isot_body_exact_duplicate
I_17277,1,isot_body_exact_duplicate
I_17279,1,isot_body_exact_duplicate
I_17280,1,isot_body_exact_duplicate
I_17282,1,isot_body_exact_duplicate
I_17283,1,isot_body_exact_duplicate
I_17284,1,isot_body_exact_duplicate
I_17286,1,isot_body_exact_duplicate
I_17287,1,isot_body_exact_duplicate
I_17291,1,isot_body_exact_duplicate
I_17294,1,isot_body_exact_duplicate
I_17298,1,isot_body_exact_duplicate
I_17299,1,isot_body_exact_duplicate
I_17300,1,isot_body_exact_duplicate
I_17302,1,isot_body_exact_duplicate
I_17306,1,isot_body_exact_duplicate
I_17313,1,isot_body_exact_duplicate
I_17315,1,isot_body_exact_duplicate
I_17316,1,isot_body_exact_duplicate
I_17317,1,isot_body_exact_duplicate
I_17318,1,isot_body_exact_duplicate
I_17319,1,isot_body_exact_duplicate
I_17320,1,isot_body_exact_duplicate
I_17322,1,isot_body_exact_duplicate
I_17324,1,isot_body_exact_duplicate
I_17326,1,isot_body_exact_duplicate
I_17327,1,isot_body_exact_duplicate
I_17328,1,isot_body_exact_duplicate
I_17332,1,isot_body_exact_duplicate
I_17334,1,isot_body_exact_duplicate
I_17336,1,isot_body_exact_duplicate
I_17339,1,isot_body_exact_duplicate
I_17340,1,isot_body_exact_duplicate
I_17341,1,isot_body_exact_duplicate
I_17345,1,isot_body_exact_duplicate
I_17346,1,isot_body_exact_duplicate
I_17347,1,isot_body_exact_duplicate
I_17349,1,isot_body_exact_duplicate
I_17350,1,isot_body_exact_duplicate
I_17352,1,isot_body_exact_duplicate
I_17357,1,isot_body_exact_duplicate
I_17358,1,isot_body_exact_duplicate
I_17359,1,isot_body_exact_duplicate
I_17360,1,isot_body_exact_duplicate
I_17361,1,isot_body_exact_duplicate
I_17363,1,isot_body_exact_duplicate
I_17364,1,isot_body_exact_duplicate
I_17365,1,isot_body_exact_duplicate
I_17367,1,isot_body_exact_duplicate
I_17368,1,isot_body_exact_duplicate
I_17370,1,isot_body_exact_duplicate
I_17371,1,isot_body_exact_duplicate
I_17372,1,isot_body_exact_duplicate
I_17374,1,isot_body_exact_duplicate
I_17377,1,isot_body_exact_duplicate
I_17378,1,isot_body_exact_duplicate
I_17379,1,isot_body_exact_duplicate
I_17380,1,isot_body_exact_duplicate
I_17381,1,isot_body_exact_duplicate
I_17382,1,isot_body_exact_duplicate
I_17383,1,isot_body_exact_duplicate
I_17386,1,isot_body_exact_duplicate
I_17388,1,isot_body_exact_duplicate
I_17390,1,isot_body_exact_duplicate
I_17391,1,isot_body_exact_duplicate
I_17392,1,isot_body_exact_duplicate
I_17393,1,isot_body_exact_duplicate
I_17394,1,isot_body_exact_duplicate
I_17395,1,isot_body_exact_duplicate
I_17397,1,isot_body_exact_duplicate
I_17398,1,isot_body_exact_duplicate
I_17400,1,isot_body_exact_duplicate
I_17401,1,isot_body_exact_duplicate
I_17402,1,isot_body_exact_duplicate
I_17403,1,isot_body_exact_duplicate
I_17404,1,isot_body_exact_duplicate
I_17405,1,isot_body_exact_duplicate
I_17406,1,isot_body_exact_duplicate
I_17407,1,isot_body_exact_duplicate
I_17408,1,isot_body_exact_duplicate
I_17410,1,isot_body_exact_duplicate
I_17411,1,isot_body_exact_duplicate
I_17412,1,isot_body_exact_duplicate
I_17413,1,isot_body_exact_duplicate
I_17414,1,isot_body_exact_duplicate
I_17415,1,isot_body_exact_duplicate
I_17416,1,isot_body_exact_duplicate
I_17419,1,isot_body_exact_duplicate
I_17420,1,isot_body_exact_duplicate
I_17421,1,isot_body_exact_duplicate
I_17422,1,isot_body_exact_duplicate
I_17423,1,isot_body_exact_duplicate
I_17424,1,isot_body_exact_duplicate
I_17425,1,isot_body_exact_duplicate
I_17426,1,isot_body_exact_duplicate
I_17427,1,isot_body_exact_duplicate
I_17428,1,isot_body_exact_duplicate
I_17429,1,isot_body_exact_duplicate
I_17430,1,isot_body_exact_duplicate
I_17431,1,isot_body_exact_duplicate
I_17434,1,isot_body_exact_duplicate
I_17435,1,isot_body_exact_duplicate
I_17436,1,isot_body_exact_duplicate
I_17437,1,isot_body_exact_duplicate
I_17438,1,isot_body_exact_duplicate
I_17439,1,isot_body_exact_duplicate
I_17440,1,isot_body_exact_duplicate
I_17441,1,isot_body_exact_duplicate
I_17442,1,isot_body_exact_duplicate
I_17443,1,isot_body_exact_duplicate
I_17445,1,isot_body_exact_duplicate
I_17446,1,isot_body_exact_duplicate
I_17447,1,isot_body_exact_duplicate
I_17448,1,isot_body_exact_duplicate
I_17449,1,isot_body_exact_duplicate
I_17450,1,isot_body_exact_duplicate
I_17451,1,isot_body_exact_duplicate
I_17452,1,isot_body_exact_duplicate
I_17453,1,isot_body_exact_duplicate
I_17454,1,isot_body_exact_duplicate
I_17455,1,isot_body_exact_duplicate
I_17456,1,isot_body_exact_duplicate
I_17457,1,isot_body_exact_duplicate
I_17458,1,isot_body_exact_duplicate
I_17459,1,isot_body_exact_duplicate
I_17461,1,isot_body_exact_duplicate
I_17462,1,isot_body_exact_duplicate
I_17463,1,isot_body_exact_duplicate
I_17465,1,isot_body_exact_duplicate
I_17466,1,isot_body_exact_duplicate
I_17467,1,isot_body_exact_duplicate
I_17468,1,isot_body_exact_duplicate
I_17469,1,isot_body_exact_duplicate
I_17470,1,isot_body_exact_duplicate
I_17472,1,isot_body_exact_duplicate
I_17473,1,isot_body_exact_duplicate
I_17474,1,isot_body_exact_duplicate
I_17475,1,isot_body_exact_duplicate
I_17476,1,isot_body_exact_duplicate
I_17477,1,isot_body_exact_duplicate
I_17479,1,isot_body_exact_duplicate
I_17480,1,isot_body_exact_duplicate
I_17481,1,isot_body_exact_duplicate
I_17482,1,isot_body_exact_duplicate
I_17483,1,isot_body_exact_duplicate
I_17484,1,isot_body_exact_duplicate
I_17485,1,isot_body_exact_duplicate
I_17486,1,isot_body_exact_duplicate
I_17487,1,isot_body_exact_duplicate
I_17488,1,isot_body_exact_duplicate
I_17489,1,isot_body_exact_duplicate
I_17490,1,isot_body_exact_duplicate
I_17491,1,isot_body_exact_duplicate
I_17492,1,isot_body_exact_duplicate
I_17494,1,isot_body_exact_duplicate
I_17495,1,isot_body_exact_duplicate
I_17497,1,isot_body_exact_duplicate
I_17499,1,isot_body_exact_duplicate
I_17500,1,isot_body_exact_duplicate
I_17501,1,isot_body_exact_duplicate
I_17502,1,isot_body_exact_duplicate
I_17503,1,isot_body_exact_duplicate
I_17504,1,isot_body_exact_duplicate
I_17505,1,isot_body_exact_duplicate
I_17506,1,isot_body_exact_duplicate
I_17507,1,isot_body_exact_duplicate
I_17509,1,isot_body_exact_duplicate
I_17510,1,isot_body_exact_duplicate
I_17511,1,isot_body_exact_duplicate
I_17512,1,isot_body_exact_duplicate
I_17513,1,isot_body_exact_duplicate
I_17514,1,isot_body_exact_duplicate
I_17515,1,isot_body_exact_duplicate
I_17516,1,isot_body_exact_duplicate
I_17517,1,isot_body_exact_duplicate
I_17518,1,isot_body_exact_duplicate
I_17519,1,isot_body_exact_duplicate
I_17520,1,isot_body_exact_duplicate
I_17521,1,isot_body_exact_duplicate
I_17522,1,isot_body_exact_duplicate
I_17523,1,isot_body_exact_duplicate
I_17524,1,isot_body_exact_duplicate
I_17525,1,isot_body_exact_duplicate
I_17526,1,isot_body_exact_duplicate
I_17527,1,isot_body_exact_duplicate
I_17528,1,isot_body_exact_duplicate
I_17529,1,isot_body_exact_duplicate
I_17530,1,isot_body_exact_duplicate
I_17531,1,isot_body_exact_duplicate
I_17532,1,isot_body_exact_duplicate
I_17533,1,isot_body_exact_duplicate
I_17534,1,isot_body_exact_duplicate
I_17535,1,isot_body_exact_duplicate
I_17536,1,isot_body_exact_duplicate
I_17537,1,isot_body_exact_duplicate
I_17538,1,isot_body_exact_duplicate
I_17539,1,isot_body_exact_duplicate
I_17540,1,isot_body_exact_duplicate
I_17541,1,isot_body_exact_duplicate
I_17542,1,isot_body_exact_duplicate
I_17543,1,isot_body_exact_duplicate
I_17544,1,isot_body_exact_duplicate
I_17545,1,isot_body_exact_duplicate
I_17546,1,isot_body_exact_duplicate
I_17547,1,isot_body_exact_duplicate
I_17548,1,isot_body_exact_duplicate
I_17549,1,isot_body_exact_duplicate
I_17550,1,isot_body_exact_duplicate
I_17551,1,isot_body_exact_duplicate
I_17552,1,isot_body_exact_duplicate
I_17553,1,isot_body_exact_duplicate
I_17554,1,isot_body_exact_duplicate
I_17555,1,isot_body_exact_duplicate
I_17556,1,isot_body_exact_duplicate
I_17557,1,isot_body_exact_duplicate
I_17558,1,isot_body_exact_duplicate
I_17559,1,isot_body_exact_duplicate
I_17560,1,isot_body_exact_duplicate
I_17561,1,isot_body_exact_duplicate
I_17562,1,isot_body_exact_duplicate
I_17563,1,isot_body_exact_duplicate
I_17564,1,isot_body_exact_duplicate
I_17565,1,isot_body_exact_duplicate
I_17566,1,isot_body_exact_duplicate
I_17567,1,isot_body_exact_duplicate
I_17568,1,isot_body_exact_duplicate
I_17570,1,isot_body_exact_duplicate
I_17571,1,isot_body_exact_duplicate
I_17572,1,isot_body_exact_duplicate
I_17573,1,isot_body_exact_duplicate
I_17574,1,isot_body_exact_duplicate
I_17575,1,isot_body_exact_duplicate
I_17577,1,isot_body_exact_duplicate
I_17578,1,isot_body_exact_duplicate
I_17579,1,isot_body_exact_duplicate
I_17580,1,isot_body_exact_duplicate
I_17581,1,isot_body_exact_duplicate
I_17582,1,isot_body_exact_duplicate
I_17584,1,isot_body_exact_duplicate
I_17585,1,isot_body_exact_duplicate
I_17587,1,isot_body_exact_duplicate
I_17588,1,isot_body_exact_duplicate
I_17589,1,isot_body_exact_duplicate
I_17590,1,isot_body_exact_duplicate
I_17591,1,isot_body_exact_duplicate
I_17593,1,isot_body_exact_duplicate
I_17594,1,isot_body_exact_duplicate
I_17595,1,isot_body_exact_duplicate
I_17596,1,isot_body_exact_duplicate
I_17597,1,isot_body_exact_duplicate
I_17598,1,isot_body_exact_duplicate
I_17599,1,isot_body_exact_duplicate
I_17600,1,isot_body_exact_duplicate
I_17601,1,isot_body_exact_duplicate
I_17602,1,isot_body_exact_duplicate
I_17603,1,isot_body_exact_duplicate
I_17604,1,isot_body_exact_duplicate
I_17605,1,isot_body_exact_duplicate
I_17606,1,isot_body_exact_duplicate
I_17607,1,isot_body_exact_duplicate
I_17608,1,isot_body_exact_duplicate
I_17609,1,isot_body_exact_duplicate
I_17610,1,isot_body_exact_duplicate
I_17611,1,isot_body_exact_duplicate
I_17612,1,isot_body_exact_duplicate
I_17613,1,isot_body_exact_duplicate
I_17614,1,isot_body_exact_duplicate
I_17616,1,isot_body_exact_duplicate
I_17617,1,isot_body_exact_duplicate
I_17618,1,isot_body_exact_duplicate
I_17619,1,isot_body_exact_duplicate
I_17620,1,isot_body_exact_duplicate
I_17621,1,isot_body_exact_duplicate
I_17622,1,isot_body_exact_duplicate
I_17623,1,isot_body_exact_duplicate
I_17624,1,isot_body_exact_duplicate
I_17625,1,isot_body_exact_duplicate
I_17626,1,isot_body_exact_duplicate
I_17627,1,isot_body_exact_duplicate
I_17628,1,isot_body_exact_duplicate
I_17629,1,isot_body_exact_duplicate
I_17630,1,isot_body_exact_duplicate
I_17631,1,isot_body_exact_duplicate
I_17632,1,isot_body_exact_duplicate
I_17633,1,isot_body_exact_duplicate
I_17634,1,isot_body_exact_duplicate
I_17635,1,isot_body_exact_duplicate
I_17636,1,isot_body_exact_duplicate
I_17637,1,isot_body_exact_duplicate
I_17638,1,isot_body_exact_duplicate
I_17639,1,isot_body_exact_duplicate
I_17640,1,isot_body_exact_duplicate
I_17641,1,isot_body_exact_duplicate
I_17642,1,isot_body_exact_duplicate
I_17643,1,isot_body_exact_duplicate
I_17644,1,isot_body_exact_duplicate
I_17645,1,isot_body_exact_duplicate
I_17646,1,isot_body_exact_duplicate
I_17647,1,isot_body_exact_duplicate
I_17648,1,isot_body_exact_duplicate
I_17649,1,isot_body_exact_duplicate
I_17650,1,isot_body_exact_duplicate
I_17651,1,isot_body_exact_duplicate
I_17653,1,isot_body_exact_duplicate
I_17654,1,isot_body_exact_duplicate
I_17655,1,isot_body_exact_duplicate
I_17656,1,isot_body_exact_duplicate
I_17657,1,isot_body_exact_duplicate
I_17658,1,isot_body_exact_duplicate
I_17659,1,isot_body_exact_duplicate
I_17660,1,isot_body_exact_duplicate
I_17661,1,isot_body_exact_duplicate
I_17662,1,isot_body_exact_duplicate
I_17663,1,isot_body_exact_duplicate
I_17664,1,isot_body_exact_duplicate
I_17665,1,isot_body_exact_duplicate
I_17666,1,isot_body_exact_duplicate
I_17667,1,isot_body_exact_duplicate
I_17668,1,isot_body_exact_duplicate
I_17669,1,isot_body_exact_duplicate
I_17670,1,isot_body_exact_duplicate
I_17671,1,isot_body_exact_duplicate
I_17672,1,isot_body_exact_duplicate
I_17673,1,isot_body_exact_duplicate
I_17674,1,isot_body_exact_duplicate
I_17675,1,isot_body_exact_duplicate
I_17677,1,isot_body_exact_duplicate
I_17678,1,isot_body_exact_duplicate
I_17679,1,isot_body_exact_duplicate
I_17680,1,isot_body_exact_duplicate
I_17681,1,isot_body_exact_duplicate
I_17682,1,isot_body_exact_duplicate
I_17683,1,isot_body_exact_duplicate
I_17684,1,isot_body_exact_duplicate
I_17685,1,isot_body_exact_duplicate
I_17686,1,isot_body_exact_duplicate
I_17687,1,isot_body_exact_duplicate
I_17688,1,isot_body_exact_duplicate
I_17689,1,isot_body_exact_duplicate
I_17690,1,isot_body_exact_duplicate
I_17691,1,isot_body_exact_duplicate
I_17692,1,isot_body_exact_duplicate
I_17693,1,isot_body_exact_duplicate
I_17694,1,isot_body_exact_duplicate
I_17695,1,isot_body_exact_duplicate
I_17696,1,isot_body_exact_duplicate
I_17697,1,isot_body_exact_duplicate
I_17698,1,isot_body_exact_duplicate
I_17699,1,isot_body_exact_duplicate
I_17700,1,isot_body_exact_duplicate
I_17701,1,isot_body_exact_duplicate
I_17702,1,isot_body_exact_duplicate
I_17703,1,isot_body_exact_duplicate
I_17704,1,isot_body_exact_duplicate
I_17705,1,isot_body_exact_duplicate
I_17706,1,isot_body_exact_duplicate
I_17707,1,isot_body_exact_duplicate
I_17708,1,isot_body_exact_duplicate
I_17709,1,isot_body_exact_duplicate
I_17710,1,isot_body_exact_duplicate
I_17711,1,isot_body_exact_duplicate
I_17712,1,isot_body_exact_duplicate
I_17713,1,isot_body_exact_duplicate
I_17714,1,isot_body_exact_duplicate
I_17715,1,isot_body_exact_duplicate
I_17716,1,isot_body_exact_duplicate
I_17717,1,isot_body_exact_duplicate
I_17719,1,isot_body_exact_duplicate
I_17720,1,isot_body_exact_duplicate
I_17721,1,isot_body_exact_duplicate
I_17722,1,isot_body_exact_duplicate
I_17723,1,isot_body_exact_duplicate
I_17724,1,isot_body_exact_duplicate
I_17725,1,isot_body_exact_duplicate
I_17726,1,isot_body_exact_duplicate
I_17727,1,isot_body_exact_duplicate
I_17728,1,isot_body_exact_duplicate
I_17729,1,isot_body_exact_duplicate
I_17730,1,isot_body_exact_duplicate
I_17731,1,isot_body_exact_duplicate
I_17732,1,isot_body_exact_duplicate
I_17733,1,isot_body_exact_duplicate
I_17734,1,isot_body_exact_duplicate
I_17735,1,isot_body_exact_duplicate
I_17736,1,isot_body_exact_duplicate
I_17737,1,isot_body_exact_duplicate
I_17739,1,isot_body_exact_duplicate
I_17740,1,isot_body_exact_duplicate
I_17741,1,isot_body_exact_duplicate
I_17742,1,isot_body_exact_duplicate
I_17745,1,isot_body_exact_duplicate
I_17746,1,isot_body_exact_duplicate
I_17747,1,isot_body_exact_duplicate
I_17748,1,isot_body_exact_duplicate
I_17749,1,isot_body_exact_duplicate
I_17751,1,isot_body_exact_duplicate
I_17752,1,isot_body_exact_duplicate
I_17753,1,isot_body_exact_duplicate
I_17755,1,isot_body_exact_duplicate
I_17757,1,isot_body_exact_duplicate
I_17758,1,isot_body_exact_duplicate
I_17759,1,isot_body_exact_duplicate
I_17760,1,isot_body_exact_duplicate
I_17761,1,isot_body_exact_duplicate
I_17762,1,isot_body_exact_duplicate
I_17763,1,isot_body_exact_duplicate
I_17765,1,isot_body_exact_duplicate
I_17766,1,isot_body_exact_duplicate
I_17767,1,isot_body_exact_duplicate
I_17768,1,isot_body_exact_duplicate
I_17769,1,isot_body_exact_duplicate
I_17770,1,isot_body_exact_duplicate
I_17771,1,isot_body_exact_duplicate
I_17773,1,isot_body_exact_duplicate
I_17774,1,isot_body_exact_duplicate
I_17775,1,isot_body_exact_duplicate
I_17777,1,isot_body_exact_duplicate
I_17779,1,isot_body_exact_duplicate
I_17780,1,isot_body_exact_duplicate
I_17781,1,isot_body_exact_duplicate
I_17782,1,isot_body_exact_duplicate
I_17783,1,isot_body_exact_duplicate
I_17784,1,isot_body_exact_duplicate
I_17785,1,isot_body_exact_duplicate
I_17786,1,isot_body_exact_duplicate
I_17787,1,isot_body_exact_duplicate
I_17788,1,isot_body_exact_duplicate
I_17789,1,isot_body_exact_duplicate
I_17790,1,isot_body_exact_duplicate
I_17792,1,isot_body_exact_duplicate
I_17793,1,isot_body_exact_duplicate
I_17794,1,isot_body_exact_duplicate
I_17795,1,isot_body_exact_duplicate
I_17797,1,isot_body_exact_duplicate
I_17798,1,isot_body_exact_duplicate
I_17799,1,isot_body_exact_duplicate
I_17800,1,isot_body_exact_duplicate
I_17801,1,isot_body_exact_duplicate
I_17802,1,isot_body_exact_duplicate
I_17803,1,isot_body_exact_duplicate
I_17804,1,isot_body_exact_duplicate
I_17805,1,isot_body_exact_duplicate
I_17806,1,isot_body_exact_duplicate
I_17807,1,isot_body_exact_duplicate
I_17808,1,isot_body_exact_duplicate
I_17809,1,isot_body_exact_duplicate
I_17810,1,isot_body_exact_duplicate
I_17814,1,isot_body_exact_duplicate
I_17815,1,isot_body_exact_duplicate
I_17816,1,isot_body_exact_duplicate
I_17817,1,isot_body_exact_duplicate
I_17818,1,isot_body_exact_duplicate
I_17819,1,isot_body_exact_duplicate
I_17820,1,isot_body_exact_duplicate
I_17821,1,isot_body_exact_duplicate
I_17823,1,isot_body_exact_duplicate
I_17824,1,isot_body_exact_duplicate
I_17825,1,isot_body_exact_duplicate
I_17827,1,isot_body_exact_duplicate
I_17828,1,isot_body_exact_duplicate
I_17830,1,isot_body_exact_duplicate
I_17831,1,isot_body_exact_duplicate
I_17832,1,isot_body_exact_duplicate
I_17833,1,isot_body_exact_duplicate
I_17834,1,isot_body_exact_duplicate
I_17835,1,isot_body_exact_duplicate
I_17837,1,isot_body_exact_duplicate
I_17841,1,isot_body_exact_duplicate
I_17842,1,isot_body_exact_duplicate
I_17843,1,isot_body_exact_duplicate
I_17844,1,isot_body_exact_duplicate
I_17845,1,isot_body_exact_duplicate
I_17846,1,isot_body_exact_duplicate
I_17847,1,isot_body_exact_duplicate
I_17848,1,isot_body_exact_duplicate
I_17849,1,isot_body_exact_duplicate
I_17850,1,isot_body_exact_duplicate
I_17851,1,isot_body_exact_duplicate
I_17852,1,isot_body_exact_duplicate
I_17853,1,isot_body_exact_duplicate
I_17854,1,isot_body_exact_duplicate
I_17855,1,isot_body_exact_duplicate
I_17856,1,isot_body_exact_duplicate
I_17857,1,isot_body_exact_duplicate
I_17858,1,isot_body_exact_duplicate
I_17859,1,isot_body_exact_duplicate
I_17860,1,isot_body_exact_duplicate
I_17861,1,isot_body_exact_duplicate
I_17862,1,isot_body_exact_duplicate
I_17863,1,isot_body_exact_duplicate
I_17864,1,isot_body_exact_duplicate
I_17865,1,isot_body_exact_duplicate
I_17866,1,isot_body_exact_duplicate
I_17867,1,isot_body_exact_duplicate
I_17868,1,isot_body_exact_duplicate
I_17869,1,isot_body_exact_duplicate
I_17870,1,isot_body_exact_duplicate
I_17871,1,isot_body_exact_duplicate
I_17872,1,isot_body_exact_duplicate
I_17873,1,isot_body_exact_duplicate
I_17874,1,isot_body_exact_duplicate
I_17875,1,isot_body_exact_duplicate
I_17876,1,isot_body_exact_duplicate
I_17878,1,isot_body_exact_duplicate
I_17879,1,isot_body_exact_duplicate
I_17880,1,isot_body_exact_duplicate
I_17881,1,isot_body_exact_duplicate
I_17882,1,isot_body_exact_duplicate
I_17883,1,isot_body_exact_duplicate
I_17884,1,isot_body_exact_duplicate
I_17885,1,isot_body_exact_duplicate
I_17888,1,isot_body_exact_duplicate
I_17889,1,isot_body_exact_duplicate
I_17890,1,isot_body_exact_duplicate
I_17891,1,isot_body_exact_duplicate
I_17892,1,isot_body_exact_duplicate
I_17893,1,isot_body_exact_duplicate
I_17894,1,isot_body_exact_duplicate
I_17895,1,isot_body_exact_duplicate
I_17896,1,isot_body_exact_duplicate
I_17897,1,isot_body_exact_duplicate
I_17898,1,isot_body_exact_duplicate
I_17900,1,isot_body_exact_duplicate
I_17901,1,isot_body_exact_duplicate
I_17902,1,isot_body_exact_duplicate
I_17903,1,isot_body_exact_duplicate
I_17904,1,isot_body_exact_duplicate
I_17905,1,isot_body_exact_duplicate
I_17906,1,isot_body_exact_duplicate
I_17907,1,isot_body_exact_duplicate
I_17908,1,isot_body_exact_duplicate
I_17909,1,isot_body_exact_duplicate
I_17910,1,isot_body_exact_duplicate
I_17911,1,isot_body_exact_duplicate
I_17912,1,isot_body_exact_duplicate
I_17913,1,isot_body_exact_duplicate
I_17914,1,isot_body_exact_duplicate
I_17915,1,isot_body_exact_duplicate
I_17916,1,isot_body_exact_duplicate
I_17917,1,isot_body_exact_duplicate
I_17918,1,isot_body_exact_duplicate
I_17919,1,isot_body_exact_duplicate
I_17920,1,isot_body_exact_duplicate
I_17921,1,isot_body_exact_duplicate
I_17922,1,isot_body_exact_duplicate
I_17923,1,isot_body_exact_duplicate
I_17924,1,isot_body_exact_duplicate
I_17925,1,isot_body_exact_duplicate
I_17926,1,isot_body_exact_duplicate
I_17927,1,isot_body_exact_duplicate
I_17928,1,isot_body_exact_duplicate
I_17929,1,isot_body_exact_duplicate
I_17930,1,isot_body_exact_duplicate
I_17931,1,isot_body_exact_duplicate
I_17932,1,isot_body_exact_duplicate
I_17933,1,isot_body_exact_duplicate
I_17934,1,isot_body_exact_duplicate
I_17935,1,isot_body_exact_duplicate
I_17936,1,isot_body_exact_duplicate
I_17938,1,isot_body_exact_duplicate
I_17940,1,isot_body_exact_duplicate
I_17941,1,isot_body_exact_duplicate
I_17942,1,isot_body_exact_duplicate
I_17943,1,isot_body_exact_duplicate
I_17944,1,isot_body_exact_duplicate
I_17946,1,isot_body_exact_duplicate
I_17947,1,isot_body_exact_duplicate
I_17948,1,isot_body_exact_duplicate
I_17949,1,isot_body_exact_duplicate
I_17951,1,isot_body_exact_duplicate
I_17952,1,isot_body_exact_duplicate
I_17953,1,isot_body_exact_duplicate
I_17954,1,isot_body_exact_duplicate
I_17955,1,isot_body_exact_duplicate
I_17956,1,isot_body_exact_duplicate
I_17957,1,isot_body_exact_duplicate
I_17958,1,isot_body_exact_duplicate
I_17959,1,isot_body_exact_duplicate
I_17960,1,isot_body_exact_duplicate
I_17961,1,isot_body_exact_duplicate
I_17962,1,isot_body_exact_duplicate
I_17963,1,isot_body_exact_duplicate
I_17964,1,isot_body_exact_duplicate
I_17965,1,isot_body_exact_duplicate
I_17966,1,isot_body_exact_duplicate
I_17967,1,isot_body_exact_duplicate
I_17968,1,isot_body_exact_duplicate
I_17969,1,isot_body_exact_duplicate
I_17970,1,isot_body_exact_duplicate
I_17973,1,isot_body_exact_duplicate
I_17974,1,isot_body_exact_duplicate
I_17975,1,isot_body_exact_duplicate
I_17976,1,isot_body_exact_duplicate
I_17977,1,isot_body_exact_duplicate
I_17978,1,isot_body_exact_duplicate
I_17979,1,isot_body_exact_duplicate
I_17980,1,isot_body_exact_duplicate
I_17981,1,isot_body_exact_duplicate
I_17982,1,isot_body_exact_duplicate
I_17983,1,isot_body_exact_duplicate
I_17984,1,isot_body_exact_duplicate
I_17985,1,isot_body_exact_duplicate
I_17986,1,isot_body_exact_duplicate
I_17987,1,isot_body_exact_duplicate
I_17988,1,isot_body_exact_duplicate
I_17989,1,isot_body_exact_duplicate
I_17991,1,isot_body_exact_duplicate
I_17992,1,isot_body_exact_duplicate
I_17993,1,isot_body_exact_duplicate
I_17994,1,isot_body_exact_duplicate
I_17996,1,isot_body_exact_duplicate
I_17997,1,isot_body_exact_duplicate
I_17998,1,isot_body_exact_duplicate
I_17999,1,isot_body_exact_duplicate
I_18000,1,isot_body_exact_duplicate
I_18001,1,isot_body_exact_duplicate
I_18002,1,isot_body_exact_duplicate
I_18003,1,isot_body_exact_duplicate
I_18004,1,isot_body_exact_duplicate
I_18005,1,isot_body_exact_duplicate
I_18006,1,isot_body_exact_duplicate
I_18007,1,isot_body_exact_duplicate
I_18008,1,isot_body_exact_duplicate
I_18009,1,isot_body_exact_duplicate
I_18010,1,isot_body_exact_duplicate
I_18011,1,isot_body_exact_duplicate
I_18012,1,isot_body_exact_duplicate
I_18013,1,isot_body_exact_duplicate
I_18014,1,isot_body_exact_duplicate
I_18015,1,isot_body_exact_duplicate
I_18017,1,isot_body_exact_duplicate
I_18019,1,isot_body_exact_duplicate
I_18020,1,isot_body_exact_duplicate
I_18021,1,isot_body_exact_duplicate
I_18022,1,isot_body_exact_duplicate
I_18023,1,isot_body_exact_duplicate
I_18024,1,isot_body_exact_duplicate
I_18027,1,isot_body_exact_duplicate
I_18028,1,isot_body_exact_duplicate
I_18029,1,isot_body_exact_duplicate
I_18033,1,isot_body_exact_duplicate
I_18035,1,isot_body_exact_duplicate
I_18037,1,isot_body_exact_duplicate
I_18038,1,isot_body_exact_duplicate
I_18039,1,isot_body_exact_duplicate
I_18040,1,isot_body_exact_duplicate
I_18041,1,isot_body_exact_duplicate
I_18042,1,isot_body_exact_duplicate
I_18043,1,isot_body_exact_duplicate
I_18044,1,isot_body_exact_duplicate
I_18045,1,isot_body_exact_duplicate
I_18046,1,isot_body_exact_duplicate
I_18047,1,isot_body_exact_duplicate
I_18048,1,isot_body_exact_duplicate
I_18049,1,isot_body_exact_duplicate
I_18050,1,isot_body_exact_duplicate
I_18051,1,isot_body_exact_duplicate
I_18052,1,isot_body_exact_duplicate
I_18053,1,isot_body_exact_duplicate
I_18054,1,isot_body_exact_duplicate
I_18055,1,isot_body_exact_duplicate
I_18056,1,isot_body_exact_duplicate
I_18057,1,isot_body_exact_duplicate
I_18058,1,isot_body_exact_duplicate
I_18059,1,isot_body_exact_duplicate
I_18060,1,isot_body_exact_duplicate
I_18061,1,isot_body_exact_duplicate
I_18062,1,isot_body_exact_duplicate
I_18063,1,isot_body_exact_duplicate
I_18064,1,isot_body_exact_duplicate
I_18066,1,isot_body_exact_duplicate
I_18067,1,isot_body_exact_duplicate
I_18068,1,isot_body_exact_duplicate
I_18069,1,isot_body_exact_duplicate
I_18070,1,isot_body_exact_duplicate
I_18071,1,isot_body_exact_duplicate
I_18072,1,isot_body_exact_duplicate
I_18073,1,isot_body_exact_duplicate
I_18074,1,isot_body_exact_duplicate
I_18075,1,isot_body_exact_duplicate
I_18076,1,isot_body_exact_duplicate
I_18077,1,isot_body_exact_duplicate
I_18078,1,isot_body_exact_duplicate
I_18079,1,isot_body_exact_duplicate
I_18080,1,isot_body_exact_duplicate
I_18081,1,isot_body_exact_duplicate
I_18082,1,isot_body_exact_duplicate
I_18083,1,isot_body_exact_duplicate
I_18084,1,isot_body_exact_duplicate
I_18085,1,isot_body_exact_duplicate
I_18086,1,isot_body_exact_duplicate
I_18088,1,isot_body_exact_duplicate
I_18089,1,isot_body_exact_duplicate
I_18090,1,isot_body_exact_duplicate
I_18092,1,isot_body_exact_duplicate
I_18093,1,isot_body_exact_duplicate
I_18094,1,isot_body_exact_duplicate
I_18095,1,isot_body_exact_duplicate
I_18096,1,isot_body_exact_duplicate
I_18097,1,isot_body_exact_duplicate
I_18098,1,isot_body_exact_duplicate
I_18099,1,isot_body_exact_duplicate
I_18100,1,isot_body_exact_duplicate
I_18101,1,isot_body_exact_duplicate
I_18102,1,isot_body_exact_duplicate
I_18103,1,isot_body_exact_duplicate
I_18104,1,isot_body_exact_duplicate
I_18105,1,isot_body_exact_duplicate
I_18106,1,isot_body_exact_duplicate
I_18107,1,isot_body_exact_duplicate
I_18108,1,isot_body_exact_duplicate
I_18109,1,isot_body_exact_duplicate
I_18110,1,isot_body_exact_duplicate
I_18111,1,isot_body_exact_duplicate
I_18112,1,isot_body_exact_duplicate
I_18113,1,isot_body_exact_duplicate
I_18114,1,isot_body_exact_duplicate
I_18115,1,isot_body_exact_duplicate
I_18116,1,isot_body_exact_duplicate
I_18117,1,isot_body_exact_duplicate
I_18118,1,isot_body_exact_duplicate
I_18119,1,isot_body_exact_duplicate
I_18120,1,isot_body_exact_duplicate
I_18121,1,isot_body_exact_duplicate
I_18122,1,isot_body_exact_duplicate
I_18123,1,isot_body_exact_duplicate
I_18124,1,isot_body_exact_duplicate
I_18125,1,isot_body_exact_duplicate
I_18126,1,isot_body_exact_duplicate
I_18127,1,isot_body_exact_duplicate
I_18132,1,isot_body_exact_duplicate
I_18133,1,isot_body_exact_duplicate
I_18134,1,isot_body_exact_duplicate
I_18135,1,isot_body_exact_duplicate
I_18136,1,isot_body_exact_duplicate
I_18137,1,isot_body_exact_duplicate
I_18139,1,isot_body_exact_duplicate
I_18140,1,isot_body_exact_duplicate
I_18141,1,isot_body_exact_duplicate
I_18142,1,isot_body_exact_duplicate
I_18143,1,isot_body_exact_duplicate
I_18145,1,isot_body_exact_duplicate
I_18146,1,isot_body_exact_duplicate
I_18147,1,isot_body_exact_duplicate
I_18148,1,isot_body_exact_duplicate
I_18149,1,isot_body_exact_duplicate
I_18152,1,isot_body_exact_duplicate
I_18153,1,isot_body_exact_duplicate
I_18154,1,isot_body_exact_duplicate
I_18155,1,isot_body_exact_duplicate
I_18156,1,isot_body_exact_duplicate
I_18157,1,isot_body_exact_duplicate
I_18158,1,isot_body_exact_duplicate
I_18160,1,isot_body_exact_duplicate
I_18163,1,isot_body_exact_duplicate
I_18164,1,isot_body_exact_duplicate
I_18165,1,isot_body_exact_duplicate
I_18166,1,isot_body_exact_duplicate
I_18167,1,isot_body_exact_duplicate
I_18168,1,isot_body_exact_duplicate
I_18169,1,isot_body_exact_duplicate
I_18170,1,isot_body_exact_duplicate
I_18172,1,isot_body_exact_duplicate
I_18173,1,isot_body_exact_duplicate
I_18174,1,isot_body_exact_duplicate
I_18175,1,isot_body_exact_duplicate
I_18176,1,isot_body_exact_duplicate
I_18177,1,isot_body_exact_duplicate
I_18178,1,isot_body_exact_duplicate
I_18179,1,isot_body_exact_duplicate
I_18180,1,isot_body_exact_duplicate
I_18182,1,isot_body_exact_duplicate
I_18183,1,isot_body_exact_duplicate
I_18184,1,isot_body_exact_duplicate
I_18185,1,isot_body_exact_duplicate
I_18186,1,isot_body_exact_duplicate
I_18187,1,isot_body_exact_duplicate
I_18188,1,isot_body_exact_duplicate
I_18189,1,isot_body_exact_duplicate
I_18190,1,isot_body_exact_duplicate
I_18191,1,isot_body_exact_duplicate
I_18192,1,isot_body_exact_duplicate
I_18193,1,isot_body_exact_duplicate
I_18194,1,isot_body_exact_duplicate
I_18195,1,isot_body_exact_duplicate
I_18196,1,isot_body_exact_duplicate
I_18197,1,isot_body_exact_duplicate
I_18198,1,isot_body_exact_duplicate
I_18199,1,isot_body_exact_duplicate
I_18200,1,isot_body_exact_duplicate
I_18201,1,isot_body_exact_duplicate
I_18202,1,isot_body_exact_duplicate
I_18203,1,isot_body_exact_duplicate
I_18204,1,isot_body_exact_duplicate
I_18205,1,isot_body_exact_duplicate
I_18206,1,isot_body_exact_duplicate
I_18207,1,isot_body_exact_duplicate
I_18208,1,isot_body_exact_duplicate
I_18209,1,isot_body_exact_duplicate
I_18210,1,isot_body_exact_duplicate
I_18211,1,isot_body_exact_duplicate
I_18212,1,isot_body_exact_duplicate
I_18214,1,isot_body_exact_duplicate
I_18215,1,isot_body_exact_duplicate
I_18216,1,isot_body_exact_duplicate
I_18217,1,isot_body_exact_duplicate
I_18218,1,isot_body_exact_duplicate
I_18219,1,isot_body_exact_duplicate
I_18220,1,isot_body_exact_duplicate
I_18221,1,isot_body_exact_duplicate
I_18222,1,isot_body_exact_duplicate
I_18224,1,isot_body_exact_duplicate
I_18225,1,isot_body_exact_duplicate
I_18228,1,isot_body_exact_duplicate
I_18229,1,isot_body_exact_duplicate
I_18230,1,isot_body_exact_duplicate
I_18231,1,isot_body_exact_duplicate
I_18232,1,isot_body_exact_duplicate
I_18233,1,isot_body_exact_duplicate
I_18234,1,isot_body_exact_duplicate
I_18235,1,isot_body_exact_duplicate
I_18237,1,isot_body_exact_duplicate
I_18238,1,isot_body_exact_duplicate
I_18239,1,isot_body_exact_duplicate
I_18241,1,isot_body_exact_duplicate
I_18243,1,isot_body_exact_duplicate
I_18244,1,isot_body_exact_duplicate
I_18245,1,isot_body_exact_duplicate
I_18246,1,isot_body_exact_duplicate
I_18247,1,isot_body_exact_duplicate
I_18248,1,isot_body_exact_duplicate
I_18249,1,isot_body_exact_duplicate
I_18250,1,isot_body_exact_duplicate
I_18251,1,isot_body_exact_duplicate
I_18252,1,isot_body_exact_duplicate
I_18253,1,isot_body_exact_duplicate
I_18254,1,isot_body_exact_duplicate
I_18255,1,isot_body_exact_duplicate
I_18256,1,isot_body_exact_duplicate
I_18257,1,isot_body_exact_duplicate
I_18258,1,isot_body_exact_duplicate
I_18259,1,isot_body_exact_duplicate
I_18260,1,isot_body_exact_duplicate
I_18262,1,isot_body_exact_duplicate
I_18263,1,isot_body_exact_duplicate
I_18265,1,isot_body_exact_duplicate
I_18266,1,isot_body_exact_duplicate
I_18267,1,isot_body_exact_duplicate
I_18268,1,isot_body_exact_duplicate
I_18269,1,isot_body_exact_duplicate
I_18270,1,isot_body_exact_duplicate
I_18271,1,isot_body_exact_duplicate
I_18272,1,isot_body_exact_duplicate
I_18273,1,isot_body_exact_duplicate
I_18274,1,isot_body_exact_duplicate
I_18275,1,isot_body_exact_duplicate
I_18276,1,isot_body_exact_duplicate
I_18277,1,isot_body_exact_duplicate
I_18278,1,isot_body_exact_duplicate
I_18279,1,isot_body_exact_duplicate
I_18281,1,isot_body_exact_duplicate
I_18282,1,isot_body_exact_duplicate
I_18283,1,isot_body_exact_duplicate
I_18284,1,isot_body_exact_duplicate
I_18285,1,isot_body_exact_duplicate
I_18286,1,isot_body_exact_duplicate
I_18287,1,isot_body_exact_duplicate
I_18288,1,isot_body_exact_duplicate
I_18290,1,isot_body_exact_duplicate
I_18291,1,isot_body_exact_duplicate
I_18292,1,isot_body_exact_duplicate
I_18293,1,isot_body_exact_duplicate
I_18294,1,isot_body_exact_duplicate
I_18295,1,isot_body_exact_duplicate
I_18296,1,isot_body_exact_duplicate
I_18297,1,isot_body_exact_duplicate
I_18298,1,isot_body_exact_duplicate
I_18299,1,isot_body_exact_duplicate
I_18300,1,isot_body_exact_duplicate
I_18301,1,isot_body_exact_duplicate
I_18302,1,isot_body_exact_duplicate
I_18303,1,isot_body_exact_duplicate
I_18304,1,isot_body_exact_duplicate
I_18305,1,isot_body_exact_duplicate
I_18306,1,isot_body_exact_duplicate
I_18307,1,isot_body_exact_duplicate
I_18308,1,isot_body_exact_duplicate
I_18309,1,isot_body_exact_duplicate
I_18310,1,isot_body_exact_duplicate
I_18311,1,isot_body_exact_duplicate
I_18312,1,isot_body_exact_duplicate
I_18313,1,isot_body_exact_duplicate
I_18314,1,isot_body_exact_duplicate
I_18315,1,isot_body_exact_duplicate
I_18316,1,isot_body_exact_duplicate
I_18317,1,isot_body_exact_duplicate
I_18318,1,isot_body_exact_duplicate
I_18319,1,isot_body_exact_duplicate
I_18320,1,isot_body_exact_duplicate
I_18322,1,isot_body_exact_duplicate
I_18323,1,isot_body_exact_duplicate
I_18324,1,isot_body_exact_duplicate
I_18325,1,isot_body_exact_duplicate
I_18326,1,isot_body_exact_duplicate
I_18328,1,isot_body_exact_duplicate
I_18329,1,isot_body_exact_duplicate
I_18330,1,isot_body_exact_duplicate
I_18331,1,isot_body_exact_duplicate
I_18332,1,isot_body_exact_duplicate
I_18333,1,isot_body_exact_duplicate
I_18334,1,isot_body_exact_duplicate
I_18336,1,isot_body_exact_duplicate
I_18337,1,isot_body_exact_duplicate
I_18338,1,isot_body_exact_duplicate
I_18339,1,isot_body_exact_duplicate
I_18340,1,isot_body_exact_duplicate
I_18341,1,isot_body_exact_duplicate
I_18342,1,isot_body_exact_duplicate
I_18343,1,isot_body_exact_duplicate
I_18344,1,isot_body_exact_duplicate
I_18345,1,isot_body_exact_duplicate
I_18346,1,isot_body_exact_duplicate
I_18347,1,isot_body_exact_duplicate
I_18348,1,isot_body_exact_duplicate
I_18350,1,isot_body_exact_duplicate
I_18352,1,isot_body_exact_duplicate
I_18355,1,isot_body_exact_duplicate
I_18357,1,isot_body_exact_duplicate
I_18358,1,isot_body_exact_duplicate
I_18360,1,isot_body_exact_duplicate
I_18361,1,isot_body_exact_duplicate
I_18362,1,isot_body_exact_duplicate
I_18363,1,isot_body_exact_duplicate
I_18364,1,isot_body_exact_duplicate
I_18366,1,isot_body_exact_duplicate
I_18367,1,isot_body_exact_duplicate
I_18368,1,isot_body_exact_duplicate
I_18369,1,isot_body_exact_duplicate
I_18371,1,isot_body_exact_duplicate
I_18372,1,isot_body_exact_duplicate
I_18373,1,isot_body_exact_duplicate
I_18375,1,isot_body_exact_duplicate
I_18376,1,isot_body_exact_duplicate
I_18377,1,isot_body_exact_duplicate
I_18378,1,isot_body_exact_duplicate
I_18379,1,isot_body_exact_duplicate
I_18380,1,isot_body_exact_duplicate
I_18381,1,isot_body_exact_duplicate
I_18382,1,isot_body_exact_duplicate
I_18383,1,isot_body_exact_duplicate
I_18384,1,isot_body_exact_duplicate
I_18385,1,isot_body_exact_duplicate
I_18386,1,isot_body_exact_duplicate
I_18387,1,isot_body_exact_duplicate
I_18388,1,isot_body_exact_duplicate
I_18389,1,isot_body_exact_duplicate
I_18390,1,isot_body_exact_duplicate
I_18391,1,isot_body_exact_duplicate
I_18393,1,isot_body_exact_duplicate
I_18394,1,isot_body_exact_duplicate
I_18395,1,isot_body_exact_duplicate
I_18396,1,isot_body_exact_duplicate
I_18397,1,isot_body_exact_duplicate
I_18398,1,isot_body_exact_duplicate
I_18399,1,isot_body_exact_duplicate
I_18400,1,isot_body_exact_duplicate
I_18401,1,isot_body_exact_duplicate
I_18402,1,isot_body_exact_duplicate
I_18403,1,isot_body_exact_duplicate
I_18404,1,isot_body_exact_duplicate
I_18406,1,isot_body_exact_duplicate
I_18407,1,isot_body_exact_duplicate
I_18408,1,isot_body_exact_duplicate
I_18411,1,isot_body_exact_duplicate
I_18412,1,isot_body_exact_duplicate
I_18413,1,isot_body_exact_duplicate
I_18414,1,isot_body_exact_duplicate
I_18415,1,isot_body_exact_duplicate
I_18416,1,isot_body_exact_duplicate
I_18417,1,isot_body_exact_duplicate
I_18418,1,isot_body_exact_duplicate
I_18419,1,isot_body_exact_duplicate
I_18420,1,isot_body_exact_duplicate
I_18421,1,isot_body_exact_duplicate
I_18422,1,isot_body_exact_duplicate
I_18423,1,isot_body_exact_duplicate
I_18424,1,isot_body_exact_duplicate
I_18425,1,isot_body_exact_duplicate
I_18426,1,isot_body_exact_duplicate
I_18427,1,isot_body_exact_duplicate
I_18428,1,isot_body_exact_duplicate
I_18429,1,isot_body_exact_duplicate
I_18430,1,isot_body_exact_duplicate
I_18431,1,isot_body_exact_duplicate
I_18432,1,isot_body_exact_duplicate
I_18433,1,isot_body_exact_duplicate
I_18434,1,isot_body_exact_duplicate
I_18435,1,isot_body_exact_duplicate
I_18436,1,isot_body_exact_duplicate
I_18437,1,isot_body_exact_duplicate
I_18438,1,isot_body_exact_duplicate
I_18439,1,isot_body_exact_duplicate
I_18440,1,isot_body_exact_duplicate
I_18441,1,isot_body_exact_duplicate
I_18442,1,isot_body_exact_duplicate
I_18443,1,isot_body_exact_duplicate
I_18444,1,isot_body_exact_duplicate
I_18445,1,isot_body_exact_duplicate
I_18446,1,isot_body_exact_duplicate
I_18447,1,isot_body_exact_duplicate
I_18448,1,isot_body_exact_duplicate
I_18449,1,isot_body_exact_duplicate
I_18450,1,isot_body_exact_duplicate
I_18451,1,isot_body_exact_duplicate
I_18452,1,isot_body_exact_duplicate
I_18453,1,isot_body_exact_duplicate
I_18454,1,isot_body_exact_duplicate
I_18455,1,isot_body_exact_duplicate
I_18456,1,isot_body_exact_duplicate
I_18457,1,isot_body_exact_duplicate
I_18458,1,isot_body_exact_duplicate
I_18459,1,isot_body_exact_duplicate
I_18460,1,isot_body_exact_duplicate
I_18461,1,isot_body_exact_duplicate
I_18462,1,isot_body_exact_duplicate
I_18463,1,isot_body_exact_duplicate
I_18464,1,isot_body_exact_duplicate
I_18465,1,isot_body_exact_duplicate
I_18466,1,isot_body_exact_duplicate
I_18467,1,isot_body_exact_duplicate
I_18468,1,isot_body_exact_duplicate
I_18469,1,isot_body_exact_duplicate
I_18470,1,isot_body_exact_duplicate
I_18471,1,isot_body_exact_duplicate
I_18472,1,isot_body_exact_duplicate
I_18473,1,isot_body_exact_duplicate
I_18474,1,isot_body_exact_duplicate
I_18475,1,isot_body_exact_duplicate
I_18476,1,isot_body_exact_duplicate
I_18477,1,isot_body_exact_duplicate
I_18478,1,isot_body_exact_duplicate
I_18479,1,isot_body_exact_duplicate
I_18480,1,isot_body_exact_duplicate
I_18481,1,isot_body_exact_duplicate
I_18482,1,isot_body_exact_duplicate
I_18483,1,isot_body_exact_duplicate
I_18484,1,isot_body_exact_duplicate
I_18485,1,isot_body_exact_duplicate
I_18487,1,isot_body_exact_duplicate
I_18488,1,isot_body_exact_duplicate
I_18489,1,isot_body_exact_duplicate
I_18490,1,isot_body_exact_duplicate
I_18491,1,isot_body_exact_duplicate
I_18492,1,isot_body_exact_duplicate
I_18493,1,isot_body_exact_duplicate
I_18494,1,isot_body_exact_duplicate
I_18495,1,isot_body_exact_duplicate
I_18496,1,isot_body_exact_duplicate
I_18497,1,isot_body_exact_duplicate
I_18498,1,isot_body_exact_duplicate
I_18499,1,isot_body_exact_duplicate
I_18500,1,isot_body_exact_duplicate
I_18501,1,isot_body_exact_duplicate
I_18502,1,isot_body_exact_duplicate
I_18503,1,isot_body_exact_duplicate
I_18504,1,isot_body_exact_duplicate
I_18505,1,isot_body_exact_duplicate
I_18506,1,isot_body_exact_duplicate
I_18507,1,isot_body_exact_duplicate
I_18508,1,isot_body_exact_duplicate
I_18510,1,isot_body_exact_duplicate
I_18511,1,isot_body_exact_duplicate
I_18512,1,isot_body_exact_duplicate
I_18513,1,isot_body_exact_duplicate
I_18514,1,isot_body_exact_duplicate
I_18515,1,isot_body_exact_duplicate
I_18516,1,isot_body_exact_duplicate
I_18518,1,isot_body_exact_duplicate
I_18519,1,isot_body_exact_duplicate
I_18520,1,isot_body_exact_duplicate
I_18521,1,isot_body_exact_duplicate
I_18522,1,isot_body_exact_duplicate
I_18523,1,isot_body_exact_duplicate
I_18524,1,isot_body_exact_duplicate
I_18525,1,isot_body_exact_duplicate
I_18526,1,isot_body_exact_duplicate
I_18527,1,isot_body_exact_duplicate
I_18528,1,isot_body_exact_duplicate
I_18529,1,isot_body_exact_duplicate
I_18530,1,isot_body_exact_duplicate
I_18531,1,isot_body_exact_duplicate
I_18532,1,isot_body_exact_duplicate
I_18533,1,isot_body_exact_duplicate
I_18534,1,isot_body_exact_duplicate
I_18536,1,isot_body_exact_duplicate
I_18537,1,isot_body_exact_duplicate
I_18538,1,isot_body_exact_duplicate
I_18539,1,isot_body_exact_duplicate
I_18540,1,isot_body_exact_duplicate
I_18541,1,isot_body_exact_duplicate
I_18542,1,isot_body_exact_duplicate
I_18543,1,isot_body_exact_duplicate
I_18544,1,isot_body_exact_duplicate
I_18545,1,isot_body_exact_duplicate
I_18546,1,isot_body_exact_duplicate
I_18547,1,isot_body_exact_duplicate
I_18548,1,isot_body_exact_duplicate
I_18549,1,isot_body_exact_duplicate
I_18550,1,isot_body_exact_duplicate
I_18551,1,isot_body_exact_duplicate
I_18552,1,isot_body_exact_duplicate
I_18553,1,isot_body_exact_duplicate
I_18554,1,isot_body_exact_duplicate
I_18555,1,isot_body_exact_duplicate
I_18556,1,isot_body_exact_duplicate
I_18557,1,isot_body_exact_duplicate
I_18558,1,isot_body_exact_duplicate
I_18559,1,isot_body_exact_duplicate
I_18560,1,isot_body_exact_duplicate
I_18561,1,isot_body_exact_duplicate
I_18562,1,isot_body_exact_duplicate
I_18563,1,isot_body_exact_duplicate
I_18564,1,isot_body_exact_duplicate
I_18565,1,isot_body_exact_duplicate
I_18567,1,isot_body_exact_duplicate
I_18568,1,isot_body_exact_duplicate
I_18569,1,isot_body_exact_duplicate
I_18570,1,isot_body_exact_duplicate
I_18572,1,isot_body_exact_duplicate
I_18574,1,isot_body_exact_duplicate
I_18575,1,isot_body_exact_duplicate
I_18578,1,isot_body_exact_duplicate
I_18579,1,isot_body_exact_duplicate
I_18580,1,isot_body_exact_duplicate
I_18581,1,isot_body_exact_duplicate
I_18582,1,isot_body_exact_duplicate
I_18583,1,isot_body_exact_duplicate
I_18584,1,isot_body_exact_duplicate
I_18586,1,isot_body_exact_duplicate
I_18587,1,isot_body_exact_duplicate
I_18588,1,isot_body_exact_duplicate
I_18589,1,isot_body_exact_duplicate
I_18591,1,isot_body_exact_duplicate
I_18592,1,isot_body_exact_duplicate
I_18593,1,isot_body_exact_duplicate
I_18594,1,isot_body_exact_duplicate
I_18595,1,isot_body_exact_duplicate
I_18596,1,isot_body_exact_duplicate
I_18597,1,isot_body_exact_duplicate
I_18598,1,isot_body_exact_duplicate
I_18600,1,isot_body_exact_duplicate
I_18601,1,isot_body_exact_duplicate
I_18602,1,isot_body_exact_duplicate
I_18603,1,isot_body_exact_duplicate
I_18604,1,isot_body_exact_duplicate
I_18605,1,isot_body_exact_duplicate
I_18606,1,isot_body_exact_duplicate
I_18607,1,isot_body_exact_duplicate
I_18608,1,isot_body_exact_duplicate
I_18609,1,isot_body_exact_duplicate
I_18610,1,isot_body_exact_duplicate
I_18611,1,isot_body_exact_duplicate
I_18612,1,isot_body_exact_duplicate
I_18613,1,isot_body_exact_duplicate
I_18614,1,isot_body_exact_duplicate
I_18615,1,isot_body_exact_duplicate
I_18616,1,isot_body_exact_duplicate
I_18617,1,isot_body_exact_duplicate
I_18618,1,isot_body_exact_duplicate
I_18619,1,isot_body_exact_duplicate
I_18620,1,isot_body_exact_duplicate
I_18621,1,isot_body_exact_duplicate
I_18622,1,isot_body_exact_duplicate
I_18623,1,isot_body_exact_duplicate
I_18625,1,isot_body_exact_duplicate
I_18626,1,isot_body_exact_duplicate
I_18627,1,isot_body_exact_duplicate
I_18628,1,isot_body_exact_duplicate
I_18629,1,isot_body_exact_duplicate
I_18630,1,isot_body_exact_duplicate
I_18631,1,isot_body_exact_duplicate
I_18632,1,isot_body_exact_duplicate
I_18633,1,isot_body_exact_duplicate
I_18634,1,isot_body_exact_duplicate
I_18635,1,isot_body_exact_duplicate
I_18636,1,isot_body_exact_duplicate
I_18637,1,isot_body_exact_duplicate
I_18638,1,isot_body_exact_duplicate
I_18639,1,isot_body_exact_duplicate
I_18640,1,isot_body_exact_duplicate
I_18641,1,isot_body_exact_duplicate
I_18642,1,isot_body_exact_duplicate
I_18643,1,isot_body_exact_duplicate
I_18644,1,isot_body_exact_duplicate
I_18645,1,isot_body_exact_duplicate
I_18646,1,isot_body_exact_duplicate
I_18647,1,isot_body_exact_duplicate
I_18649,1,isot_body_exact_duplicate
I_18650,1,isot_body_exact_duplicate
I_18651,1,isot_body_exact_duplicate
I_18652,1,isot_body_exact_duplicate
I_18654,1,isot_body_exact_duplicate
I_18655,1,isot_body_exact_duplicate
I_18656,1,isot_body_exact_duplicate
I_18657,1,isot_body_exact_duplicate
I_18658,1,isot_body_exact_duplicate
I_18659,1,isot_body_exact_duplicate
I_18660,1,isot_body_exact_duplicate
I_18661,1,isot_body_exact_duplicate
I_18662,1,isot_body_exact_duplicate
I_18663,1,isot_body_exact_duplicate
I_18664,1,isot_body_exact_duplicate
I_18665,1,isot_body_exact_duplicate
I_18666,1,isot_body_exact_duplicate
I_18667,1,isot_body_exact_duplicate
I_18668,1,isot_body_exact_duplicate
I_18669,1,isot_body_exact_duplicate
I_18671,1,isot_body_exact_duplicate
I_18673,1,isot_body_exact_duplicate
I_18674,1,isot_body_exact_duplicate
I_18675,1,isot_body_exact_duplicate
I_18676,1,isot_body_exact_duplicate
I_18677,1,isot_body_exact_duplicate
I_18678,1,isot_body_exact_duplicate
I_18679,1,isot_body_exact_duplicate
I_18680,1,isot_body_exact_duplicate
I_18681,1,isot_body_exact_duplicate
I_18682,1,isot_body_exact_duplicate
I_18683,1,isot_body_exact_duplicate
I_18684,1,isot_body_exact_duplicate
I_18685,1,isot_body_exact_duplicate
I_18686,1,isot_body_exact_duplicate
I_18687,1,isot_body_exact_duplicate
I_18688,1,isot_body_exact_duplicate
I_18689,1,isot_body_exact_duplicate
I_18690,1,isot_body_exact_duplicate
I_18691,1,isot_body_exact_duplicate
I_18692,1,isot_body_exact_duplicate
I_18693,1,isot_body_exact_duplicate
I_18694,1,isot_body_exact_duplicate
I_18696,1,isot_body_exact_duplicate
I_18697,1,isot_body_exact_duplicate
I_18698,1,isot_body_exact_duplicate
I_18699,1,isot_body_exact_duplicate
I_18700,1,isot_body_exact_duplicate
I_18701,1,isot_body_exact_duplicate
I_18702,1,isot_body_exact_duplicate
I_18703,1,isot_body_exact_duplicate
I_18704,1,isot_body_exact_duplicate
I_18706,1,isot_body_exact_duplicate
I_18707,1,isot_body_exact_duplicate
I_18708,1,isot_body_exact_duplicate
I_18709,1,isot_body_exact_duplicate
I_18710,1,isot_body_exact_duplicate
I_18712,1,isot_body_exact_duplicate
I_18713,1,isot_body_exact_duplicate
I_18714,1,isot_body_exact_duplicate
I_18715,1,isot_body_exact_duplicate
I_18716,1,isot_body_exact_duplicate
I_18717,1,isot_body_exact_duplicate
I_18718,1,isot_body_exact_duplicate
I_18719,1,isot_body_exact_duplicate
I_18720,1,isot_body_exact_duplicate
I_18721,1,isot_body_exact_duplicate
I_18722,1,isot_body_exact_duplicate
I_18726,1,isot_body_exact_duplicate
I_18727,1,isot_body_exact_duplicate
I_18728,1,isot_body_exact_duplicate
I_18729,1,isot_body_exact_duplicate
I_18730,1,isot_body_exact_duplicate
I_18731,1,isot_body_exact_duplicate
I_18732,1,isot_body_exact_duplicate
I_18733,1,isot_body_exact_duplicate
I_18734,1,isot_body_exact_duplicate
I_18735,1,isot_body_exact_duplicate
I_18736,1,isot_body_exact_duplicate
I_18737,1,isot_body_exact_duplicate
I_18738,1,isot_body_exact_duplicate
I_18739,1,isot_body_exact_duplicate
I_18740,1,isot_body_exact_duplicate
I_18741,1,isot_body_exact_duplicate
I_18742,1,isot_body_exact_duplicate
I_18743,1,isot_body_exact_duplicate
I_18744,1,isot_body_exact_duplicate
I_18748,1,isot_body_exact_duplicate
I_18749,1,isot_body_exact_duplicate
I_18750,1,isot_body_exact_duplicate
I_18751,1,isot_body_exact_duplicate
I_18752,1,isot_body_exact_duplicate
I_18753,1,isot_body_exact_duplicate
I_18754,1,isot_body_exact_duplicate
I_18755,1,isot_body_exact_duplicate
I_18756,1,isot_body_exact_duplicate
I_18757,1,isot_body_exact_duplicate
I_18758,1,isot_body_exact_duplicate
I_18759,1,isot_body_exact_duplicate
I_18760,1,isot_body_exact_duplicate
I_18761,1,isot_body_exact_duplicate
I_18762,1,isot_body_exact_duplicate
I_18763,1,isot_body_exact_duplicate
I_18764,1,isot_body_exact_duplicate
I_18765,1,isot_body_exact_duplicate
I_18767,1,isot_body_exact_duplicate
I_18768,1,isot_body_exact_duplicate
I_18769,1,isot_body_exact_duplicate
I_18770,1,isot_body_exact_duplicate
I_18771,1,isot_body_exact_duplicate
I_18772,1,isot_body_exact_duplicate
I_18773,1,isot_body_exact_duplicate
I_18774,1,isot_body_exact_duplicate
I_18775,1,isot_body_exact_duplicate
I_18776,1,isot_body_exact_duplicate
I_18777,1,isot_body_exact_duplicate
I_18778,1,isot_body_exact_duplicate
I_18779,1,isot_body_exact_duplicate
I_18780,1,isot_body_exact_duplicate
I_18781,1,isot_body_exact_duplicate
I_18782,1,isot_body_exact_duplicate
I_18783,1,isot_body_exact_duplicate
I_18784,1,isot_body_exact_duplicate
I_18785,1,isot_body_exact_duplicate
I_18786,1,isot_body_exact_duplicate
I_18787,1,isot_body_exact_duplicate
I_18788,1,isot_body_exact_duplicate
I_18789,1,isot_body_exact_duplicate
I_18790,1,isot_body_exact_duplicate
I_18791,1,isot_body_exact_duplicate
I_18792,1,isot_body_exact_duplicate
I_18793,1,isot_body_exact_duplicate
I_18794,1,isot_body_exact_duplicate
I_18795,1,isot_body_exact_duplicate
I_18796,1,isot_body_exact_duplicate
I_18797,1,isot_body_exact_duplicate
I_18798,1,isot_body_exact_duplicate
I_18799,1,isot_body_exact_duplicate
I_18800,1,isot_body_exact_duplicate
I_18801,1,isot_body_exact_duplicate
I_18802,1,isot_body_exact_duplicate
I_18803,1,isot_body_exact_duplicate
I_18804,1,isot_body_exact_duplicate
I_18805,1,isot_body_exact_duplicate
I_18806,1,isot_body_exact_duplicate
I_18807,1,isot_body_exact_duplicate
I_18808,1,isot_body_exact_duplicate
I_18809,1,isot_body_exact_duplicate
I_18810,1,isot_body_exact_duplicate
I_18811,1,isot_body_exact_duplicate
I_18812,1,isot_body_exact_duplicate
I_18813,1,isot_body_exact_duplicate
I_18814,1,isot_body_exact_duplicate
I_18815,1,isot_body_exact_duplicate
I_18816,1,isot_body_exact_duplicate
I_18817,1,isot_body_exact_duplicate
I_18818,1,isot_body_exact_duplicate
I_18819,1,isot_body_exact_duplicate
I_18820,1,isot_body_exact_duplicate
I_18821,1,isot_body_exact_duplicate
I_18823,1,isot_body_exact_duplicate
I_18824,1,isot_body_exact_duplicate
I_18825,1,isot_body_exact_duplicate
I_18826,1,isot_body_exact_duplicate
I_18827,1,isot_body_exact_duplicate
I_18829,1,isot_body_exact_duplicate
I_18830,1,isot_body_exact_duplicate
I_18831,1,isot_body_exact_duplicate
I_18832,1,isot_body_exact_duplicate
I_18833,1,isot_body_exact_duplicate
I_18834,1,isot_body_exact_duplicate
I_18835,1,isot_body_exact_duplicate
I_18836,1,isot_body_exact_duplicate
I_18837,1,isot_body_exact_duplicate
I_18838,1,isot_body_exact_duplicate
I_18839,1,isot_body_exact_duplicate
I_18841,1,isot_body_exact_duplicate
I_18842,1,isot_body_exact_duplicate
I_18843,1,isot_body_exact_duplicate
I_18844,1,isot_body_exact_duplicate
I_18846,1,isot_body_exact_duplicate
I_18848,1,isot_body_exact_duplicate
I_18849,1,isot_body_exact_duplicate
I_18850,1,isot_body_exact_duplicate
I_18851,1,isot_body_exact_duplicate
I_18852,1,isot_body_exact_duplicate
I_18853,1,isot_body_exact_duplicate
I_18854,1,isot_body_exact_duplicate
I_18855,1,isot_body_exact_duplicate
I_18858,1,isot_body_exact_duplicate
I_18859,1,isot_body_exact_duplicate
I_18861,1,isot_body_exact_duplicate
I_18862,1,isot_body_exact_duplicate
I_18863,1,isot_body_exact_duplicate
I_18864,1,isot_body_exact_duplicate
I_18865,1,isot_body_exact_duplicate
I_18866,1,isot_body_exact_duplicate
I_18867,1,isot_body_exact_duplicate
I_18868,1,isot_body_exact_duplicate
I_18869,1,isot_body_exact_duplicate
I_18870,1,isot_body_exact_duplicate
I_18871,1,isot_body_exact_duplicate
I_18872,1,isot_body_exact_duplicate
I_18873,1,isot_body_exact_duplicate
I_18874,1,isot_body_exact_duplicate
I_18875,1,isot_body_exact_duplicate
I_18877,1,isot_body_exact_duplicate
I_18878,1,isot_body_exact_duplicate
I_18879,1,isot_body_exact_duplicate
I_18880,1,isot_body_exact_duplicate
I_18884,1,isot_body_exact_duplicate
I_18885,1,isot_body_exact_duplicate
I_18887,1,isot_body_exact_duplicate
I_18888,1,isot_body_exact_duplicate
I_18889,1,isot_body_exact_duplicate
I_18890,1,isot_body_exact_duplicate
I_18891,1,isot_body_exact_duplicate
I_18892,1,isot_body_exact_duplicate
I_18893,1,isot_body_exact_duplicate
I_18895,1,isot_body_exact_duplicate
I_18896,1,isot_body_exact_duplicate
I_18898,1,isot_body_exact_duplicate
I_18899,1,isot_body_exact_duplicate
I_18900,1,isot_body_exact_duplicate
I_18901,1,isot_body_exact_duplicate
I_18902,1,isot_body_exact_duplicate
I_18903,1,isot_body_exact_duplicate
I_18905,1,isot_body_exact_duplicate
I_18907,1,isot_body_exact_duplicate
I_18908,1,isot_body_exact_duplicate
I_18909,1,isot_body_exact_duplicate
I_18910,1,isot_body_exact_duplicate
I_18911,1,isot_body_exact_duplicate
I_18912,1,isot_body_exact_duplicate
I_18913,1,isot_body_exact_duplicate
I_18917,1,isot_body_exact_duplicate
I_18918,1,isot_body_exact_duplicate
I_18919,1,isot_body_exact_duplicate
I_18921,1,isot_body_exact_duplicate
I_18923,1,isot_body_exact_duplicate
I_18925,1,isot_body_exact_duplicate
I_18926,1,isot_body_exact_duplicate
I_18927,1,isot_body_exact_duplicate
I_18928,1,isot_body_exact_duplicate
I_18930,1,isot_body_exact_duplicate
I_18931,1,isot_body_exact_duplicate
I_18932,1,isot_body_exact_duplicate
I_18937,1,isot_body_exact_duplicate
I_18938,1,isot_body_exact_duplicate
I_18939,1,isot_body_exact_duplicate
I_18940,1,isot_body_exact_duplicate
I_18942,1,isot_body_exact_duplicate
I_18945,1,isot_body_exact_duplicate
I_18946,1,isot_body_exact_duplicate
I_18947,1,isot_body_exact_duplicate
I_18948,1,isot_body_exact_duplicate
I_18949,1,isot_body_exact_duplicate
I_18950,1,isot_body_exact_duplicate
I_18951,1,isot_body_exact_duplicate
I_18952,1,isot_body_exact_duplicate
I_18953,1,isot_body_exact_duplicate
I_18954,1,isot_body_exact_duplicate
I_18955,1,isot_body_exact_duplicate
I_18956,1,isot_body_exact_duplicate
I_18958,1,isot_body_exact_duplicate
I_18959,1,isot_body_exact_duplicate
I_18960,1,isot_body_exact_duplicate
I_18961,1,isot_body_exact_duplicate
I_18962,1,isot_body_exact_duplicate
I_18963,1,isot_body_exact_duplicate
I_18964,1,isot_body_exact_duplicate
I_18965,1,isot_body_exact_duplicate
I_18967,1,isot_body_exact_duplicate
I_18968,1,isot_body_exact_duplicate
I_18969,1,isot_body_exact_duplicate
I_18972,1,isot_body_exact_duplicate
I_18973,1,isot_body_exact_duplicate
I_18975,1,isot_body_exact_duplicate
I_18976,1,isot_body_exact_duplicate
I_18979,1,isot_body_exact_duplicate
I_18981,1,isot_body_exact_duplicate
I_18982,1,isot_body_exact_duplicate
I_18983,1,isot_body_exact_duplicate
I_18984,1,isot_body_exact_duplicate
I_18987,1,isot_body_exact_duplicate
I_18988,1,isot_body_exact_duplicate
I_18989,1,isot_body_exact_duplicate
I_18990,1,isot_body_exact_duplicate
I_18991,1,isot_body_exact_duplicate
I_18992,1,isot_body_exact_duplicate
I_18993,1,isot_body_exact_duplicate
I_18995,1,isot_body_exact_duplicate
I_18996,1,isot_body_exact_duplicate
I_18997,1,isot_body_exact_duplicate
I_18998,1,isot_body_exact_duplicate
I_18999,1,isot_body_exact_duplicate
I_19000,1,isot_body_exact_duplicate
I_19001,1,isot_body_exact_duplicate
I_19002,1,isot_body_exact_duplicate
I_19003,1,isot_body_exact_duplicate
I_19004,1,isot_body_exact_duplicate
I_19005,1,isot_body_exact_duplicate
I_19007,1,isot_body_exact_duplicate
I_19008,1,isot_body_exact_duplicate
I_19009,1,isot_body_exact_duplicate
I_19010,1,isot_body_exact_duplicate
I_19011,1,isot_body_exact_duplicate
I_19012,1,isot_body_exact_duplicate
I_19013,1,isot_body_exact_duplicate
I_19014,1,isot_body_exact_duplicate
I_19015,1,isot_body_exact_duplicate
I_19016,1,isot_body_exact_duplicate
I_19017,1,isot_body_exact_duplicate
I_19018,1,isot_body_exact_duplicate
I_19019,1,isot_body_exact_duplicate
I_19020,1,isot_body_exact_duplicate
I_19022,1,isot_body_exact_duplicate
I_19024,1,isot_body_exact_duplicate
I_19026,1,isot_body_exact_duplicate
I_19027,1,isot_body_exact_duplicate
I_19028,1,isot_body_exact_duplicate
I_19029,1,isot_body_exact_duplicate
I_19030,1,isot_body_exact_duplicate
I_19031,1,isot_body_exact_duplicate
I_19032,1,isot_body_exact_duplicate
I_19034,1,isot_body_exact_duplicate
I_19036,1,isot_body_exact_duplicate
I_19037,1,isot_body_exact_duplicate
I_19038,1,isot_body_exact_duplicate
I_19039,1,isot_body_exact_duplicate
I_19040,1,isot_body_exact_duplicate
I_19041,1,isot_body_exact_duplicate
I_19042,1,isot_body_exact_duplicate
I_19043,1,isot_body_exact_duplicate
I_19044,1,isot_body_exact_duplicate
I_19045,1,isot_body_exact_duplicate
I_19046,1,isot_body_exact_duplicate
I_19048,1,isot_body_exact_duplicate
I_19049,1,isot_body_exact_duplicate
I_19050,1,isot_body_exact_duplicate
I_19051,1,isot_body_exact_duplicate
I_19052,1,isot_body_exact_duplicate
I_19053,1,isot_body_exact_duplicate
I_19054,1,isot_body_exact_duplicate
I_19055,1,isot_body_exact_duplicate
I_19056,1,isot_body_exact_duplicate
I_19057,1,isot_body_exact_duplicate
I_19058,1,isot_body_exact_duplicate
I_19059,1,isot_body_exact_duplicate
I_19060,1,isot_body_exact_duplicate
I_19061,1,isot_body_exact_duplicate
I_19062,1,isot_body_exact_duplicate
I_19063,1,isot_body_exact_duplicate
I_19064,1,isot_body_exact_duplicate
I_19065,1,isot_body_exact_duplicate
I_19068,1,isot_body_exact_duplicate
I_19070,1,isot_body_exact_duplicate
I_19071,1,isot_body_exact_duplicate
I_19072,1,isot_body_exact_duplicate
I_19073,1,isot_body_exact_duplicate
I_19074,1,isot_body_exact_duplicate
I_19075,1,isot_body_exact_duplicate
I_19076,1,isot_body_exact_duplicate
I_19078,1,isot_body_exact_duplicate
I_19079,1,isot_body_exact_duplicate
I_19080,1,isot_body_exact_duplicate
I_19081,1,isot_body_exact_duplicate
I_19082,1,isot_body_exact_duplicate
I_19084,1,isot_body_exact_duplicate
I_19085,1,isot_body_exact_duplicate
I_19086,1,isot_body_exact_duplicate
I_19087,1,isot_body_exact_duplicate
I_19088,1,isot_body_exact_duplicate
I_19089,1,isot_body_exact_duplicate
I_19091,1,isot_body_exact_duplicate
I_19092,1,isot_body_exact_duplicate
I_19093,1,isot_body_exact_duplicate
I_19094,1,isot_body_exact_duplicate
I_19095,1,isot_body_exact_duplicate
I_19096,1,isot_body_exact_duplicate
I_19097,1,isot_body_exact_duplicate
I_19098,1,isot_body_exact_duplicate
I_19099,1,isot_body_exact_duplicate
I_19100,1,isot_body_exact_duplicate
I_19102,1,isot_body_exact_duplicate
I_19103,1,isot_body_exact_duplicate
I_19104,1,isot_body_exact_duplicate
I_19105,1,isot_body_exact_duplicate
I_19106,1,isot_body_exact_duplicate
I_19107,1,isot_body_exact_duplicate
I_19108,1,isot_body_exact_duplicate
I_19109,1,isot_body_exact_duplicate
I_19110,1,isot_body_exact_duplicate
I_19111,1,isot_body_exact_duplicate
I_19112,1,isot_body_exact_duplicate
I_19113,1,isot_body_exact_duplicate
I_19114,1,isot_body_exact_duplicate
I_19117,1,isot_body_exact_duplicate
I_19119,1,isot_body_exact_duplicate
I_19120,1,isot_body_exact_duplicate
I_19121,1,isot_body_exact_duplicate
I_19122,1,isot_body_exact_duplicate
I_19123,1,isot_body_exact_duplicate
I_19124,1,isot_body_exact_duplicate
I_19125,1,isot_body_exact_duplicate
I_19126,1,isot_body_exact_duplicate
I_19127,1,isot_body_exact_duplicate
I_19128,1,isot_body_exact_duplicate
I_19129,1,isot_body_exact_duplicate
I_19130,1,isot_body_exact_duplicate
I_19131,1,isot_body_exact_duplicate
I_19133,1,isot_body_exact_duplicate
I_19134,1,isot_body_exact_duplicate
I_19135,1,isot_body_exact_duplicate
I_19137,1,isot_body_exact_duplicate
I_19138,1,isot_body_exact_duplicate
I_19139,1,isot_body_exact_duplicate
I_19140,1,isot_body_exact_duplicate
I_19141,1,isot_body_exact_duplicate
I_19142,1,isot_body_exact_duplicate
I_19143,1,isot_body_exact_duplicate
I_19144,1,isot_body_exact_duplicate
I_19145,1,isot_body_exact_duplicate
I_19146,1,isot_body_exact_duplicate
I_19147,1,isot_body_exact_duplicate
I_19149,1,isot_body_exact_duplicate
I_19150,1,isot_body_exact_duplicate
I_19152,1,isot_body_exact_duplicate
I_19153,1,isot_body_exact_duplicate
I_19156,1,isot_body_exact_duplicate
I_19158,1,isot_body_exact_duplicate
I_19159,1,isot_body_exact_duplicate
I_19160,1,isot_body_exact_duplicate
I_19162,1,isot_body_exact_duplicate
I_19163,1,isot_body_exact_duplicate
I_19166,1,isot_body_exact_duplicate
I_19167,1,isot_body_exact_duplicate
I_19168,1,isot_body_exact_duplicate
I_19169,1,isot_body_exact_duplicate
I_19171,1,isot_body_exact_duplicate
I_19172,1,isot_body_exact_duplicate
I_19173,1,isot_body_exact_duplicate
I_19174,1,isot_body_exact_duplicate
I_19175,1,isot_body_exact_duplicate
I_19176,1,isot_body_exact_duplicate
I_19177,1,isot_body_exact_duplicate
I_19179,1,isot_body_exact_duplicate
I_19182,1,isot_body_exact_duplicate
I_19183,1,isot_body_exact_duplicate
I_19184,1,isot_body_exact_duplicate
I_19185,1,isot_body_exact_duplicate
I_19186,1,isot_body_exact_duplicate
I_19187,1,isot_body_exact_duplicate
I_19188,1,isot_body_exact_duplicate
I_19190,1,isot_body_exact_duplicate
I_19192,1,isot_body_exact_duplicate
I_19193,1,isot_body_exact_duplicate
I_19194,1,isot_body_exact_duplicate
I_19196,1,isot_body_exact_duplicate
I_19197,1,isot_body_exact_duplicate
I_19198,1,isot_body_exact_duplicate
I_19199,1,isot_body_exact_duplicate
I_19200,1,isot_body_exact_duplicate
I_19201,1,isot_body_exact_duplicate
I_19202,1,isot_body_exact_duplicate
I_19203,1,isot_body_exact_duplicate
I_19204,1,isot_body_exact_duplicate
I_19205,1,isot_body_exact_duplicate
I_19206,1,isot_body_exact_duplicate
I_19207,1,isot_body_exact_duplicate
I_19208,1,isot_body_exact_duplicate
I_19210,1,isot_body_exact_duplicate
I_19211,1,isot_body_exact_duplicate
I_19212,1,isot_body_exact_duplicate
I_19213,1,isot_body_exact_duplicate
I_19214,1,isot_body_exact_duplicate
I_19216,1,isot_body_exact_duplicate
I_19217,1,isot_body_exact_duplicate
I_19218,1,isot_body_exact_duplicate
I_19219,1,isot_body_exact_duplicate
I_19220,1,isot_body_exact_duplicate
I_19221,1,isot_body_exact_duplicate
I_19223,1,isot_body_exact_duplicate
I_19224,1,isot_body_exact_duplicate
I_19225,1,isot_body_exact_duplicate
I_19226,1,isot_body_exact_duplicate
I_19227,1,isot_body_exact_duplicate
I_19228,1,isot_body_exact_duplicate
I_19229,1,isot_body_exact_duplicate
I_19230,1,isot_body_exact_duplicate
I_19232,1,isot_body_exact_duplicate
I_19233,1,isot_body_exact_duplicate
I_19234,1,isot_body_exact_duplicate
I_19235,1,isot_body_exact_duplicate
I_19236,1,isot_body_exact_duplicate
I_19237,1,isot_body_exact_duplicate
I_19238,1,isot_body_exact_duplicate
I_19241,1,isot_body_exact_duplicate
I_19242,1,isot_body_exact_duplicate
I_19244,1,isot_body_exact_duplicate
I_19247,1,isot_body_exact_duplicate
I_19248,1,isot_body_exact_duplicate
I_19250,1,isot_body_exact_duplicate
I_19253,1,isot_body_exact_duplicate
I_19254,1,isot_body_exact_duplicate
I_19257,1,isot_body_exact_duplicate
I_19258,1,isot_body_exact_duplicate
I_19259,1,isot_body_exact_duplicate
I_19261,1,isot_body_exact_duplicate
I_19263,1,isot_body_exact_duplicate
I_19264,1,isot_body_exact_duplicate
I_19267,1,isot_body_exact_duplicate
I_19269,1,isot_body_exact_duplicate
I_19270,1,isot_body_exact_duplicate
I_19271,1,isot_body_exact_duplicate
I_19273,1,isot_body_exact_duplicate
I_19274,1,isot_body_exact_duplicate
I_19275,1,isot_body_exact_duplicate
I_19277,1,isot_body_exact_duplicate
I_19278,1,isot_body_exact_duplicate
I_19279,1,isot_body_exact_duplicate
I_19280,1,isot_body_exact_duplicate
I_19281,1,isot_body_exact_duplicate
I_19282,1,isot_body_exact_duplicate
I_19283,1,isot_body_exact_duplicate
I_19285,1,isot_body_exact_duplicate
I_19286,1,isot_body_exact_duplicate
I_19287,1,isot_body_exact_duplicate
I_19289,1,isot_body_exact_duplicate
I_19290,1,isot_body_exact_duplicate
I_19292,1,isot_body_exact_duplicate
I_19293,1,isot_body_exact_duplicate
I_19294,1,isot_body_exact_duplicate
I_19295,1,isot_body_exact_duplicate
I_19296,1,isot_body_exact_duplicate
I_19297,1,isot_body_exact_duplicate
I_19298,1,isot_body_exact_duplicate
I_19299,1,isot_body_exact_duplicate
I_19300,1,isot_body_exact_duplicate
I_19301,1,isot_body_exact_duplicate
I_19302,1,isot_body_exact_duplicate
I_19303,1,isot_body_exact_duplicate
I_19304,1,isot_body_exact_duplicate
I_19305,1,isot_body_exact_duplicate
I_19306,1,isot_body_exact_duplicate
I_19307,1,isot_body_exact_duplicate
I_19308,1,isot_body_exact_duplicate
I_19309,1,isot_body_exact_duplicate
I_19310,1,isot_body_exact_duplicate
I_19311,1,isot_body_exact_duplicate
I_19312,1,isot_body_exact_duplicate
I_19313,1,isot_body_exact_duplicate
I_19314,1,isot_body_exact_duplicate
I_19315,1,isot_body_exact_duplicate
I_19318,1,isot_body_exact_duplicate
I_19319,1,isot_body_exact_duplicate
I_19320,1,isot_body_exact_duplicate
I_19321,1,isot_body_exact_duplicate
I_19323,1,isot_body_exact_duplicate
I_19324,1,isot_body_exact_duplicate
I_19325,1,isot_body_exact_duplicate
I_19326,1,isot_body_exact_duplicate
I_19327,1,isot_body_exact_duplicate
I_19328,1,isot_body_exact_duplicate
I_19329,1,isot_body_exact_duplicate
I_19330,1,isot_body_exact_duplicate
I_19331,1,isot_body_exact_duplicate
I_19332,1,isot_body_exact_duplicate
I_19334,1,isot_body_exact_duplicate
I_19335,1,isot_body_exact_duplicate
I_19336,1,isot_body_exact_duplicate
I_19337,1,isot_body_exact_duplicate
I_19338,1,isot_body_exact_duplicate
I_19340,1,isot_body_exact_duplicate
I_19341,1,isot_body_exact_duplicate
I_19342,1,isot_body_exact_duplicate
I_19343,1,isot_body_exact_duplicate
I_19344,1,isot_body_exact_duplicate
I_19345,1,isot_body_exact_duplicate
I_19346,1,isot_body_exact_duplicate
I_19347,1,isot_body_exact_duplicate
I_19348,1,isot_body_exact_duplicate
I_19350,1,isot_body_exact_duplicate
I_19351,1,isot_body_exact_duplicate
I_19352,1,isot_body_exact_duplicate
I_19354,1,isot_body_exact_duplicate
I_19356,1,isot_body_exact_duplicate
I_19357,1,isot_body_exact_duplicate
I_19358,1,isot_body_exact_duplicate
I_19359,1,isot_body_exact_duplicate
I_19360,1,isot_body_exact_duplicate
I_19361,1,isot_body_exact_duplicate
I_19363,1,isot_body_exact_duplicate
I_19364,1,isot_body_exact_duplicate
I_19365,1,isot_body_exact_duplicate
I_19366,1,isot_body_exact_duplicate
I_19367,1,isot_body_exact_duplicate
I_19368,1,isot_body_exact_duplicate
I_19369,1,isot_body_exact_duplicate
I_19371,1,isot_body_exact_duplicate
I_19372,1,isot_body_exact_duplicate
I_19373,1,isot_body_exact_duplicate
I_19377,1,isot_body_exact_duplicate
I_19379,1,isot_body_exact_duplicate
I_19380,1,isot_body_exact_duplicate
I_19381,1,isot_body_exact_duplicate
I_19382,1,isot_body_exact_duplicate
I_19383,1,isot_body_exact_duplicate
I_19384,1,isot_body_exact_duplicate
I_19385,1,isot_body_exact_duplicate
I_19386,1,isot_body_exact_duplicate
I_19387,1,isot_body_exact_duplicate
I_19389,1,isot_body_exact_duplicate
I_19390,1,isot_body_exact_duplicate
I_19391,1,isot_body_exact_duplicate
I_19392,1,isot_body_exact_duplicate
I_19394,1,isot_body_exact_duplicate
I_19395,1,isot_body_exact_duplicate
I_19396,1,isot_body_exact_duplicate
I_19397,1,isot_body_exact_duplicate
I_19398,1,isot_body_exact_duplicate
I_19399,1,isot_body_exact_duplicate
I_19400,1,isot_body_exact_duplicate
I_19402,1,isot_body_exact_duplicate
I_19404,1,isot_body_exact_duplicate
I_19407,1,isot_body_exact_duplicate
I_19408,1,isot_body_exact_duplicate
I_19409,1,isot_body_exact_duplicate
I_19410,1,isot_body_exact_duplicate
I_19411,1,isot_body_exact_duplicate
I_19413,1,isot_body_exact_duplicate
I_19415,1,isot_body_exact_duplicate
I_19417,1,isot_body_exact_duplicate
I_19418,1,isot_body_exact_duplicate
I_19419,1,isot_body_exact_duplicate
I_19420,1,isot_body_exact_duplicate
I_19421,1,isot_body_exact_duplicate
I_19422,1,isot_body_exact_duplicate
I_19423,1,isot_body_exact_duplicate
I_19425,1,isot_body_exact_duplicate
I_19427,1,isot_body_exact_duplicate
I_19429,1,isot_body_exact_duplicate
I_19430,1,isot_body_exact_duplicate
I_19431,1,isot_body_exact_duplicate
I_19432,1,isot_body_exact_duplicate
I_19433,1,isot_body_exact_duplicate
I_19434,1,isot_body_exact_duplicate
I_19435,1,isot_body_exact_duplicate
I_19436,1,isot_body_exact_duplicate
I_19437,1,isot_body_exact_duplicate
I_19438,1,isot_body_exact_duplicate
I_19439,1,isot_body_exact_duplicate
I_19442,1,isot_body_exact_duplicate
I_19443,1,isot_body_exact_duplicate
I_19444,1,isot_body_exact_duplicate
I_19445,1,isot_body_exact_duplicate
I_19449,1,isot_body_exact_duplicate
I_19450,1,isot_body_exact_duplicate
I_19452,1,isot_body_exact_duplicate
I_19453,1,isot_body_exact_duplicate
I_19454,1,isot_body_exact_duplicate
I_19455,1,isot_body_exact_duplicate
I_19456,1,isot_body_exact_duplicate
I_19457,1,isot_body_exact_duplicate
I_19458,1,isot_body_exact_duplicate
I_19460,1,isot_body_exact_duplicate
I_19464,1,isot_body_exact_duplicate
I_19465,1,isot_body_exact_duplicate
I_19466,1,isot_body_exact_duplicate
I_19467,1,isot_body_exact_duplicate
I_19468,1,isot_body_exact_duplicate
I_19469,1,isot_body_exact_duplicate
I_19470,1,isot_body_exact_duplicate
I_19472,1,isot_body_exact_duplicate
I_19473,1,isot_body_exact_duplicate
I_19474,1,isot_body_exact_duplicate
I_19475,1,isot_body_exact_duplicate
I_19476,1,isot_body_exact_duplicate
I_19477,1,isot_body_exact_duplicate
I_19478,1,isot_body_exact_duplicate
I_19479,1,isot_body_exact_duplicate
I_19480,1,isot_body_exact_duplicate
I_19481,1,isot_body_exact_duplicate
I_19482,1,isot_body_exact_duplicate
I_19483,1,isot_body_exact_duplicate
I_19484,1,isot_body_exact_duplicate
I_19485,1,isot_body_exact_duplicate
I_19486,1,isot_body_exact_duplicate
I_19487,1,isot_body_exact_duplicate
I_19488,1,isot_body_exact_duplicate
I_19489,1,isot_body_exact_duplicate
I_19490,1,isot_body_exact_duplicate
I_19491,1,isot_body_exact_duplicate
I_19492,1,isot_body_exact_duplicate
I_19494,1,isot_body_exact_duplicate
I_19496,1,isot_body_exact_duplicate
I_19497,1,isot_body_exact_duplicate
I_19498,1,isot_body_exact_duplicate
I_19499,1,isot_body_exact_duplicate
I_19501,1,isot_body_exact_duplicate
I_19502,1,isot_body_exact_duplicate
I_19503,1,isot_body_exact_duplicate
I_19504,1,isot_body_exact_duplicate
I_19505,1,isot_body_exact_duplicate
I_19506,1,isot_body_exact_duplicate
I_19507,1,isot_body_exact_duplicate
I_19509,1,isot_body_exact_duplicate
I_19510,1,isot_body_exact_duplicate
I_19512,1,isot_body_exact_duplicate
I_19513,1,isot_body_exact_duplicate
I_19516,1,isot_body_exact_duplicate
I_19518,1,isot_body_exact_duplicate
I_19519,1,isot_body_exact_duplicate
I_19521,1,isot_body_exact_duplicate
I_19522,1,isot_body_exact_duplicate
I_19523,1,isot_body_exact_duplicate
I_19525,1,isot_body_exact_duplicate
I_19526,1,isot_body_exact_duplicate
I_19527,1,isot_body_exact_duplicate
I_19528,1,isot_body_exact_duplicate
I_19529,1,isot_body_exact_duplicate
I_19531,1,isot_body_exact_duplicate
I_19533,1,isot_body_exact_duplicate
I_19535,1,isot_body_exact_duplicate
I_19537,1,isot_body_exact_duplicate
I_19538,1,isot_body_exact_duplicate
I_19539,1,isot_body_exact_duplicate
I_19541,1,isot_body_exact_duplicate
I_19542,1,isot_body_exact_duplicate
I_19543,1,isot_body_exact_duplicate
I_19545,1,isot_body_exact_duplicate
I_19546,1,isot_body_exact_duplicate
I_19547,1,isot_body_exact_duplicate
I_19548,1,isot_body_exact_duplicate
I_19549,1,isot_body_exact_duplicate
I_19550,1,isot_body_exact_duplicate
I_19551,1,isot_body_exact_duplicate
I_19552,1,isot_body_exact_duplicate
I_19553,1,isot_body_exact_duplicate
I_19554,1,isot_body_exact_duplicate
I_19555,1,isot_body_exact_duplicate
I_19556,1,isot_body_exact_duplicate
I_19557,1,isot_body_exact_duplicate
I_19559,1,isot_body_exact_duplicate
I_19560,1,isot_body_exact_duplicate
I_19562,1,isot_body_exact_duplicate
I_19563,1,isot_body_exact_duplicate
I_19564,1,isot_body_exact_duplicate
I_19565,1,isot_body_exact_duplicate
I_19566,1,isot_body_exact_duplicate
I_19567,1,isot_body_exact_duplicate
I_19569,1,isot_body_exact_duplicate
I_19570,1,isot_body_exact_duplicate
I_19571,1,isot_body_exact_duplicate
I_19572,1,isot_body_exact_duplicate
I_19573,1,isot_body_exact_duplicate
I_19575,1,isot_body_exact_duplicate
I_19576,1,isot_body_exact_duplicate
I_19577,1,isot_body_exact_duplicate
I_19578,1,isot_body_exact_duplicate
I_19579,1,isot_body_exact_duplicate
I_19580,1,isot_body_exact_duplicate
I_19581,1,isot_body_exact_duplicate
I_19582,1,isot_body_exact_duplicate
I_19583,1,isot_body_exact_duplicate
I_19587,1,isot_body_exact_duplicate
I_19588,1,isot_body_exact_duplicate
I_19589,1,isot_body_exact_duplicate
I_19590,1,isot_body_exact_duplicate
I_19591,1,isot_body_exact_duplicate
I_19593,1,isot_body_exact_duplicate
I_19594,1,isot_body_exact_duplicate
I_19595,1,isot_body_exact_duplicate
I_19596,1,isot_body_exact_duplicate
I_19597,1,isot_body_exact_duplicate
I_19600,1,isot_body_exact_duplicate
I_19602,1,isot_body_exact_duplicate
I_19604,1,isot_body_exact_duplicate
I_19605,1,isot_body_exact_duplicate
I_19609,1,isot_body_exact_duplicate
I_19610,1,isot_body_exact_duplicate
I_19611,1,isot_body_exact_duplicate
I_19613,1,isot_body_exact_duplicate
I_19614,1,isot_body_exact_duplicate
I_19615,1,isot_body_exact_duplicate
I_19616,1,isot_body_exact_duplicate
I_19617,1,isot_body_exact_duplicate
I_19618,1,isot_body_exact_duplicate
I_19620,1,isot_body_exact_duplicate
I_19621,1,isot_body_exact_duplicate
I_19622,1,isot_body_exact_duplicate
I_19625,1,isot_body_exact_duplicate
I_19626,1,isot_body_exact_duplicate
I_19627,1,isot_body_exact_duplicate
I_19628,1,isot_body_exact_duplicate
I_19629,1,isot_body_exact_duplicate
I_19630,1,isot_body_exact_duplicate
I_19631,1,isot_body_exact_duplicate
I_19632,1,isot_body_exact_duplicate
I_19635,1,isot_body_exact_duplicate
I_19637,1,isot_body_exact_duplicate
I_19638,1,isot_body_exact_duplicate
I_19642,1,isot_body_exact_duplicate
I_19643,1,isot_body_exact_duplicate
I_19644,1,isot_body_exact_duplicate
I_19645,1,isot_body_exact_duplicate
I_19647,1,isot_body_exact_duplicate
I_19648,1,isot_body_exact_duplicate
I_19649,1,isot_body_exact_duplicate
I_19651,1,isot_body_exact_duplicate
I_19652,1,isot_body_exact_duplicate
I_19653,1,isot_body_exact_duplicate
I_19654,1,isot_body_exact_duplicate
I_19655,1,isot_body_exact_duplicate
I_19657,1,isot_body_exact_duplicate
I_19658,1,isot_body_exact_duplicate
I_19659,1,isot_body_exact_duplicate
I_19661,1,isot_body_exact_duplicate
I_19663,1,isot_body_exact_duplicate
I_19664,1,isot_body_exact_duplicate
I_19665,1,isot_body_exact_duplicate
I_19666,1,isot_body_exact_duplicate
I_19667,1,isot_body_exact_duplicate
I_19668,1,isot_body_exact_duplicate
I_19670,1,isot_body_exact_duplicate
I_19671,1,isot_body_exact_duplicate
I_19672,1,isot_body_exact_duplicate
I_19674,1,isot_body_exact_duplicate
I_19675,1,isot_body_exact_duplicate
I_19676,1,isot_body_exact_duplicate
I_19677,1,isot_body_exact_duplicate
I_19678,1,isot_body_exact_duplicate
I_19679,1,isot_body_exact_duplicate
I_19680,1,isot_body_exact_duplicate
I_19681,1,isot_body_exact_duplicate
I_19682,1,isot_body_exact_duplicate
I_19683,1,isot_body_exact_duplicate
I_19684,1,isot_body_exact_duplicate
I_19686,1,isot_body_exact_duplicate
I_19687,1,isot_body_exact_duplicate
I_19688,1,isot_body_exact_duplicate
I_19689,1,isot_body_exact_duplicate
I_19690,1,isot_body_exact_duplicate
I_19691,1,isot_body_exact_duplicate
I_19692,1,isot_body_exact_duplicate
I_19693,1,isot_body_exact_duplicate
I_19694,1,isot_body_exact_duplicate
I_19695,1,isot_body_exact_duplicate
I_19696,1,isot_body_exact_duplicate
I_19697,1,isot_body_exact_duplicate
I_19698,1,isot_body_exact_duplicate
I_19699,1,isot_body_exact_duplicate
I_19700,1,isot_body_exact_duplicate
I_19701,1,isot_body_exact_duplicate
I_19703,1,isot_body_exact_duplicate
I_19704,1,isot_body_exact_duplicate
I_19705,1,isot_body_exact_duplicate
I_19706,1,isot_body_exact_duplicate
I_19707,1,isot_body_exact_duplicate
I_19708,1,isot_body_exact_duplicate
I_19709,1,isot_body_exact_duplicate
I_19710,1,isot_body_exact_duplicate
I_19711,1,isot_body_exact_duplicate
I_19712,1,isot_body_exact_duplicate
I_19713,1,isot_body_exact_duplicate
I_19714,1,isot_body_exact_duplicate
I_19715,1,isot_body_exact_duplicate
I_19716,1,isot_body_exact_duplicate
I_19717,1,isot_body_exact_duplicate
I_19718,1,isot_body_exact_duplicate
I_19719,1,isot_body_exact_duplicate
I_19721,1,isot_body_exact_duplicate
I_19722,1,isot_body_exact_duplicate
I_19723,1,isot_body_exact_duplicate
I_19725,1,isot_body_exact_duplicate
I_19727,1,isot_body_exact_duplicate
I_19728,1,isot_body_exact_duplicate
I_19729,1,isot_body_exact_duplicate
I_19730,1,isot_body_exact_duplicate
I_19731,1,isot_body_exact_duplicate
I_19732,1,isot_body_exact_duplicate
I_19733,1,isot_body_exact_duplicate
I_19734,1,isot_body_exact_duplicate
I_19735,1,isot_body_exact_duplicate
I_19736,1,isot_body_exact_duplicate
I_19737,1,isot_body_exact_duplicate
I_19738,1,isot_body_exact_duplicate
I_19739,1,isot_body_exact_duplicate
I_19740,1,isot_body_exact_duplicate
I_19741,1,isot_body_exact_duplicate
I_19742,1,isot_body_exact_duplicate
I_19743,1,isot_body_exact_duplicate
I_19744,1,isot_body_exact_duplicate
I_19745,1,isot_body_exact_duplicate
I_19746,1,isot_body_exact_duplicate
I_19748,1,isot_body_exact_duplicate
I_19749,1,isot_body_exact_duplicate
I_19750,1,isot_body_exact_duplicate
I_19752,1,isot_body_exact_duplicate
I_19753,1,isot_body_exact_duplicate
I_19754,1,isot_body_exact_duplicate
I_19755,1,isot_body_exact_duplicate
I_19757,1,isot_body_exact_duplicate
I_19758,1,isot_body_exact_duplicate
I_19759,1,isot_body_exact_duplicate
I_19760,1,isot_body_exact_duplicate
I_19761,1,isot_body_exact_duplicate
I_19762,1,isot_body_exact_duplicate
I_19763,1,isot_body_exact_duplicate
I_19764,1,isot_body_exact_duplicate
I_19766,1,isot_body_exact_duplicate
I_19768,1,isot_body_exact_duplicate
I_19770,1,isot_body_exact_duplicate
I_19772,1,isot_body_exact_duplicate
I_19773,1,isot_body_exact_duplicate
I_19774,1,isot_body_exact_duplicate
I_19775,1,isot_body_exact_duplicate
I_19777,1,isot_body_exact_duplicate
I_19778,1,isot_body_exact_duplicate
I_19779,1,isot_body_exact_duplicate
I_19780,1,isot_body_exact_duplicate
I_19781,1,isot_body_exact_duplicate
I_19784,1,isot_body_exact_duplicate
I_19785,1,isot_body_exact_duplicate
I_19786,1,isot_body_exact_duplicate
I_19787,1,isot_body_exact_duplicate
I_19788,1,isot_body_exact_duplicate
I_19789,1,isot_body_exact_duplicate
I_19790,1,isot_body_exact_duplicate
I_19792,1,isot_body_exact_duplicate
I_19793,1,isot_body_exact_duplicate
I_19794,1,isot_body_exact_duplicate
I_19795,1,isot_body_exact_duplicate
I_19796,1,isot_body_exact_duplicate
I_19797,1,isot_body_exact_duplicate
I_19798,1,isot_body_exact_duplicate
I_19799,1,isot_body_exact_duplicate
I_19800,1,isot_body_exact_duplicate
I_19801,1,isot_body_exact_duplicate
I_19802,1,isot_body_exact_duplicate
I_19803,1,isot_body_exact_duplicate
I_19804,1,isot_body_exact_duplicate
I_19807,1,isot_body_exact_duplicate
I_19808,1,isot_body_exact_duplicate
I_19809,1,isot_body_exact_duplicate
I_19810,1,isot_body_exact_duplicate
I_19811,1,isot_body_exact_duplicate
I_19812,1,isot_body_exact_duplicate
I_19813,1,isot_body_exact_duplicate
I_19814,1,isot_body_exact_duplicate
I_19815,1,isot_body_exact_duplicate
I_19816,1,isot_body_exact_duplicate
I_19817,1,isot_body_exact_duplicate
I_19818,1,isot_body_exact_duplicate
I_19819,1,isot_body_exact_duplicate
I_19820,1,isot_body_exact_duplicate
I_19821,1,isot_body_exact_duplicate
I_19822,1,isot_body_exact_duplicate
I_19823,1,isot_body_exact_duplicate
I_19824,1,isot_body_exact_duplicate
I_19825,1,isot_body_exact_duplicate
I_19826,1,isot_body_exact_duplicate
I_19827,1,isot_body_exact_duplicate
I_19828,1,isot_body_exact_duplicate
I_19830,1,isot_body_exact_duplicate
I_19832,1,isot_body_exact_duplicate
I_19833,1,isot_body_exact_duplicate
I_19834,1,isot_body_exact_duplicate
I_19835,1,isot_body_exact_duplicate
I_19836,1,isot_body_exact_duplicate
I_19837,1,isot_body_exact_duplicate
I_19838,1,isot_body_exact_duplicate
I_19839,1,isot_body_exact_duplicate
I_19840,1,isot_body_exact_duplicate
I_19841,1,isot_body_exact_duplicate
I_19842,1,isot_body_exact_duplicate
I_19847,1,isot_body_exact_duplicate
I_19848,1,isot_body_exact_duplicate
I_19849,1,isot_body_exact_duplicate
I_19850,1,isot_body_exact_duplicate
I_19851,1,isot_body_exact_duplicate
I_19852,1,isot_body_exact_duplicate
I_19853,1,isot_body_exact_duplicate
I_19854,1,isot_body_exact_duplicate
I_19855,1,isot_body_exact_duplicate
I_19856,1,isot_body_exact_duplicate
I_19857,1,isot_body_exact_duplicate
I_19858,1,isot_body_exact_duplicate
I_19859,1,isot_body_exact_duplicate
I_19860,1,isot_body_exact_duplicate
I_19861,1,isot_body_exact_duplicate
I_19862,1,isot_body_exact_duplicate
I_19864,1,isot_body_exact_duplicate
I_19865,1,isot_body_exact_duplicate
I_19866,1,isot_body_exact_duplicate
I_19868,1,isot_body_exact_duplicate
I_19869,1,isot_body_exact_duplicate
I_19870,1,isot_body_exact_duplicate
I_19871,1,isot_body_exact_duplicate
I_19872,1,isot_body_exact_duplicate
I_19873,1,isot_body_exact_duplicate
I_19874,1,isot_body_exact_duplicate
I_19875,1,isot_body_exact_duplicate
I_19876,1,isot_body_exact_duplicate
I_19877,1,isot_body_exact_duplicate
I_19878,1,isot_body_exact_duplicate
I_19879,1,isot_body_exact_duplicate
I_19880,1,isot_body_exact_duplicate
I_19881,1,isot_body_exact_duplicate
I_19883,1,isot_body_exact_duplicate
I_19884,1,isot_body_exact_duplicate
I_19885,1,isot_body_exact_duplicate
I_19886,1,isot_body_exact_duplicate
I_19887,1,isot_body_exact_duplicate
I_19888,1,isot_body_exact_duplicate
I_19889,1,isot_body_exact_duplicate
I_19890,1,isot_body_exact_duplicate
I_19891,1,isot_body_exact_duplicate
I_19892,1,isot_body_exact_duplicate
I_19893,1,isot_body_exact_duplicate
I_19894,1,isot_body_exact_duplicate
I_19896,1,isot_body_exact_duplicate
I_19897,1,isot_body_exact_duplicate
I_19898,1,isot_body_exact_duplicate
I_19900,1,isot_body_exact_duplicate
I_19901,1,isot_body_exact_duplicate
I_19902,1,isot_body_exact_duplicate
I_19904,1,isot_body_exact_duplicate
I_19905,1,isot_body_exact_duplicate
I_19906,1,isot_body_exact_duplicate
I_19907,1,isot_body_exact_duplicate
I_19908,1,isot_body_exact_duplicate
I_19909,1,isot_body_exact_duplicate
I_19910,1,isot_body_exact_duplicate
I_19911,1,isot_body_exact_duplicate
I_19912,1,isot_body_exact_duplicate
I_19916,1,isot_body_exact_duplicate
I_19917,1,isot_body_exact_duplicate
I_19918,1,isot_body_exact_duplicate
I_19919,1,isot_body_exact_duplicate
I_19920,1,isot_body_exact_duplicate
I_19921,1,isot_body_exact_duplicate
I_19922,1,isot_body_exact_duplicate
I_19923,1,isot_body_exact_duplicate
I_19925,1,isot_body_exact_duplicate
I_19926,1,isot_body_exact_duplicate
I_19927,1,isot_body_exact_duplicate
I_19929,1,isot_body_exact_duplicate
I_19931,1,isot_body_exact_duplicate
I_19932,1,isot_body_exact_duplicate
I_19934,1,isot_body_exact_duplicate
I_19936,1,isot_body_exact_duplicate
I_19937,1,isot_body_exact_duplicate
I_19938,1,isot_body_exact_duplicate
I_19939,1,isot_body_exact_duplicate
I_19941,1,isot_body_exact_duplicate
I_19942,1,isot_body_exact_duplicate
I_19943,1,isot_body_exact_duplicate
I_19944,1,isot_body_exact_duplicate
I_19947,1,isot_body_exact_duplicate
I_19948,1,isot_body_exact_duplicate
I_19949,1,isot_body_exact_duplicate
I_19950,1,isot_body_exact_duplicate
I_19951,1,isot_body_exact_duplicate
I_19952,1,isot_body_exact_duplicate
I_19953,1,isot_body_exact_duplicate
I_19955,1,isot_body_exact_duplicate
I_19956,1,isot_body_exact_duplicate
I_19957,1,isot_body_exact_duplicate
I_19959,1,isot_body_exact_duplicate
I_19960,1,isot_body_exact_duplicate
I_19961,1,isot_body_exact_duplicate
I_19962,1,isot_body_exact_duplicate
I_19963,1,isot_body_exact_duplicate
I_19964,1,isot_body_exact_duplicate
I_19965,1,isot_body_exact_duplicate
I_19966,1,isot_body_exact_duplicate
I_19967,1,isot_body_exact_duplicate
I_19968,1,isot_body_exact_duplicate
I_19970,1,isot_body_exact_duplicate
I_19971,1,isot_body_exact_duplicate
I_19972,1,isot_body_exact_duplicate
I_19974,1,isot_body_exact_duplicate
I_19975,1,isot_body_exact_duplicate
I_19976,1,isot_body_exact_duplicate
I_19977,1,isot_body_exact_duplicate
I_19978,1,isot_body_exact_duplicate
I_19980,1,isot_body_exact_duplicate
I_19981,1,isot_body_exact_duplicate
I_19982,1,isot_body_exact_duplicate
I_19983,1,isot_body_exact_duplicate
I_19984,1,isot_body_exact_duplicate
I_19985,1,isot_body_exact_duplicate
I_19987,1,isot_body_exact_duplicate
I_19988,1,isot_body_exact_duplicate
I_19989,1,isot_body_exact_duplicate
I_19990,1,isot_body_exact_duplicate
I_19991,1,isot_body_exact_duplicate
I_19992,1,isot_body_exact_duplicate
I_19993,1,isot_body_exact_duplicate
I_19994,1,isot_body_exact_duplicate
I_19996,1,isot_body_exact_duplicate
I_19997,1,isot_body_exact_duplicate
I_19998,1,isot_body_exact_duplicate
I_19999,1,isot_body_exact_duplicate
I_20001,1,isot_body_exact_duplicate
I_20004,1,isot_body_exact_duplicate
I_20006,1,isot_body_exact_duplicate
I_20007,1,isot_body_exact_duplicate
I_20008,1,isot_body_exact_duplicate
I_20009,1,isot_body_exact_duplicate
I_20010,1,isot_body_exact_duplicate
I_20011,1,isot_body_exact_duplicate
I_20012,1,isot_body_exact_duplicate
I_20013,1,isot_body_exact_duplicate
I_20014,1,isot_body_exact_duplicate
I_20015,1,isot_body_exact_duplicate
I_20016,1,isot_body_exact_duplicate
I_20018,1,isot_body_exact_duplicate
I_20019,1,isot_body_exact_duplicate
I_20020,1,isot_body_exact_duplicate
I_20021,1,isot_body_exact_duplicate
I_20022,1,isot_body_exact_duplicate
I_20023,1,isot_body_exact_duplicate
I_20024,1,isot_body_exact_duplicate
I_20025,1,isot_body_exact_duplicate
I_20026,1,isot_body_exact_duplicate
I_20027,1,isot_body_exact_duplicate
I_20028,1,isot_body_exact_duplicate
I_20030,1,isot_body_exact_duplicate
I_20031,1,isot_body_exact_duplicate
I_20032,1,isot_body_exact_duplicate
I_20033,1,isot_body_exact_duplicate
I_20034,1,isot_body_exact_duplicate
I_20035,1,isot_body_exact_duplicate
I_20036,1,isot_body_exact_duplicate
I_20038,1,isot_body_exact_duplicate
I_20039,1,isot_body_exact_duplicate
I_20040,1,isot_body_exact_duplicate
I_20041,1,isot_body_exact_duplicate
I_20042,1,isot_body_exact_duplicate
I_20043,1,isot_body_exact_duplicate
I_20045,1,isot_body_exact_duplicate
I_20046,1,isot_body_exact_duplicate
I_20047,1,isot_body_exact_duplicate
I_20048,1,isot_body_exact_duplicate
I_20050,1,isot_body_exact_duplicate
I_20051,1,isot_body_exact_duplicate
I_20052,1,isot_body_exact_duplicate
I_20053,1,isot_body_exact_duplicate
I_20054,1,isot_body_exact_duplicate
I_20055,1,isot_body_exact_duplicate
I_20056,1,isot_body_exact_duplicate
I_20058,1,isot_body_exact_duplicate
I_20059,1,isot_body_exact_duplicate
I_20060,1,isot_body_exact_duplicate
I_20061,1,isot_body_exact_duplicate
I_20063,1,isot_body_exact_duplicate
I_20064,1,isot_body_exact_duplicate
I_20065,1,isot_body_exact_duplicate
I_20066,1,isot_body_exact_duplicate
I_20067,1,isot_body_exact_duplicate
I_20068,1,isot_body_exact_duplicate
I_20069,1,isot_body_exact_duplicate
I_20070,1,isot_body_exact_duplicate
I_20071,1,isot_body_exact_duplicate
I_20072,1,isot_body_exact_duplicate
I_20073,1,isot_body_exact_duplicate
I_20074,1,isot_body_exact_duplicate
I_20076,1,isot_body_exact_duplicate
I_20077,1,isot_body_exact_duplicate
I_20078,1,isot_body_exact_duplicate
I_20079,1,isot_body_exact_duplicate
I_20080,1,isot_body_exact_duplicate
I_20081,1,isot_body_exact_duplicate
I_20082,1,isot_body_exact_duplicate
I_20084,1,isot_body_exact_duplicate
I_20085,1,isot_body_exact_duplicate
I_20086,1,isot_body_exact_duplicate
I_20087,1,isot_body_exact_duplicate
I_20089,1,isot_body_exact_duplicate
I_20090,1,isot_body_exact_duplicate
I_20092,1,isot_body_exact_duplicate
I_20093,1,isot_body_exact_duplicate
I_20094,1,isot_body_exact_duplicate
I_20095,1,isot_body_exact_duplicate
I_20098,1,isot_body_exact_duplicate
I_20099,1,isot_body_exact_duplicate
I_20100,1,isot_body_exact_duplicate
I_20101,1,isot_body_exact_duplicate
I_20103,1,isot_body_exact_duplicate
I_20105,1,isot_body_exact_duplicate
I_20106,1,isot_body_exact_duplicate
I_20107,1,isot_body_exact_duplicate
I_20108,1,isot_body_exact_duplicate
I_20109,1,isot_body_exact_duplicate
I_20110,1,isot_body_exact_duplicate
I_20111,1,isot_body_exact_duplicate
I_20113,1,isot_body_exact_duplicate
I_20114,1,isot_body_exact_duplicate
I_20115,1,isot_body_exact_duplicate
I_20116,1,isot_body_exact_duplicate
I_20117,1,isot_body_exact_duplicate
I_20119,1,isot_body_exact_duplicate
I_20122,1,isot_body_exact_duplicate
I_20123,1,isot_body_exact_duplicate
I_20124,1,isot_body_exact_duplicate
I_20126,1,isot_body_exact_duplicate
I_20127,1,isot_body_exact_duplicate
I_20128,1,isot_body_exact_duplicate
I_20130,1,isot_body_exact_duplicate
I_20131,1,isot_body_exact_duplicate
I_20132,1,isot_body_exact_duplicate
I_20133,1,isot_body_exact_duplicate
I_20134,1,isot_body_exact_duplicate
I_20136,1,isot_body_exact_duplicate
I_20137,1,isot_body_exact_duplicate
I_20138,1,isot_body_exact_duplicate
I_20139,1,isot_body_exact_duplicate
I_20140,1,isot_body_exact_duplicate
I_20141,1,isot_body_exact_duplicate
I_20142,1,isot_body_exact_duplicate
I_20143,1,isot_body_exact_duplicate
I_20144,1,isot_body_exact_duplicate
I_20145,1,isot_body_exact_duplicate
I_20146,1,isot_body_exact_duplicate
I_20148,1,isot_body_exact_duplicate
I_20149,1,isot_body_exact_duplicate
I_20151,1,isot_body_exact_duplicate
I_20153,1,isot_body_exact_duplicate
I_20154,1,isot_body_exact_duplicate
I_20155,1,isot_body_exact_duplicate
I_20156,1,isot_body_exact_duplicate
I_20157,1,isot_body_exact_duplicate
I_20158,1,isot_body_exact_duplicate
I_20160,1,isot_body_exact_duplicate
I_20161,1,isot_body_exact_duplicate
I_20162,1,isot_body_exact_duplicate
I_20163,1,isot_body_exact_duplicate
I_20164,1,isot_body_exact_duplicate
I_20166,1,isot_body_exact_duplicate
I_20167,1,isot_body_exact_duplicate
I_20168,1,isot_body_exact_duplicate
I_20169,1,isot_body_exact_duplicate
I_20170,1,isot_body_exact_duplicate
I_20171,1,isot_body_exact_duplicate
I_20172,1,isot_body_exact_duplicate
I_20173,1,isot_body_exact_duplicate
I_20174,1,isot_body_exact_duplicate
I_20175,1,isot_body_exact_duplicate
I_20176,1,isot_body_exact_duplicate
I_20177,1,isot_body_exact_duplicate
I_20178,1,isot_body_exact_duplicate
I_20179,1,isot_body_exact_duplicate
I_20180,1,isot_body_exact_duplicate
I_20181,1,isot_body_exact_duplicate
I_20182,1,isot_body_exact_duplicate
I_20183,1,isot_body_exact_duplicate
I_20184,1,isot_body_exact_duplicate
I_20185,1,isot_body_exact_duplicate
I_20186,1,isot_body_exact_duplicate
I_20187,1,isot_body_exact_duplicate
I_20188,1,isot_body_exact_duplicate
I_20189,1,isot_body_exact_duplicate
I_20191,1,isot_body_exact_duplicate
I_20192,1,isot_body_exact_duplicate
I_20194,1,isot_body_exact_duplicate
I_20195,1,isot_body_exact_duplicate
I_20196,1,isot_body_exact_duplicate
I_20197,1,isot_body_exact_duplicate
I_20198,1,isot_body_exact_duplicate
I_20199,1,isot_body_exact_duplicate
I_20201,1,isot_body_exact_duplicate
I_20202,1,isot_body_exact_duplicate
I_20204,1,isot_body_exact_duplicate
I_20206,1,isot_body_exact_duplicate
I_20207,1,isot_body_exact_duplicate
I_20208,1,isot_body_exact_duplicate
I_20209,1,isot_body_exact_duplicate
I_20210,1,isot_body_exact_duplicate
I_20211,1,isot_body_exact_duplicate
I_20212,1,isot_body_exact_duplicate
I_20213,1,isot_body_exact_duplicate
I_20214,1,isot_body_exact_duplicate
I_20215,1,isot_body_exact_duplicate
I_20216,1,isot_body_exact_duplicate
I_20217,1,isot_body_exact_duplicate
I_20218,1,isot_body_exact_duplicate
I_20219,1,isot_body_exact_duplicate
I_20220,1,isot_body_exact_duplicate
I_20221,1,isot_body_exact_duplicate
I_20222,1,isot_body_exact_duplicate
I_20223,1,isot_body_exact_duplicate
I_20224,1,isot_body_exact_duplicate
I_20225,1,isot_body_exact_duplicate
I_20226,1,isot_body_exact_duplicate
I_20227,1,isot_body_exact_duplicate
I_20228,1,isot_body_exact_duplicate
I_20229,1,isot_body_exact_duplicate
I_20230,1,isot_body_exact_duplicate
I_20231,1,isot_body_exact_duplicate
I_20232,1,isot_body_exact_duplicate
I_20233,1,isot_body_exact_duplicate
I_20235,1,isot_body_exact_duplicate
I_20237,1,isot_body_exact_duplicate
I_20238,1,isot_body_exact_duplicate
I_20239,1,isot_body_exact_duplicate
I_20240,1,isot_body_exact_duplicate
I_20241,1,isot_body_exact_duplicate
I_20242,1,isot_body_exact_duplicate
I_20243,1,isot_body_exact_duplicate
I_20244,1,isot_body_exact_duplicate
I_20245,1,isot_body_exact_duplicate
I_20246,1,isot_body_exact_duplicate
I_20248,1,isot_body_exact_duplicate
I_20249,1,isot_body_exact_duplicate
I_20253,1,isot_body_exact_duplicate
I_20254,1,isot_body_exact_duplicate
I_20255,1,isot_body_exact_duplicate
I_20256,1,isot_body_exact_duplicate
I_20257,1,isot_body_exact_duplicate
I_20258,1,isot_body_exact_duplicate
I_20259,1,isot_body_exact_duplicate
I_20260,1,isot_body_exact_duplicate
I_20261,1,isot_body_exact_duplicate
I_20262,1,isot_body_exact_duplicate
I_20263,1,isot_body_exact_duplicate
I_20264,1,isot_body_exact_duplicate
I_20265,1,isot_body_exact_duplicate
I_20266,1,isot_body_exact_duplicate
I_20267,1,isot_body_exact_duplicate
I_20268,1,isot_body_exact_duplicate
I_20269,1,isot_body_exact_duplicate
I_20270,1,isot_body_exact_duplicate
I_20271,1,isot_body_exact_duplicate
I_20272,1,isot_body_exact_duplicate
I_20273,1,isot_body_exact_duplicate
I_20274,1,isot_body_exact_duplicate
I_20276,1,isot_body_exact_duplicate
I_20277,1,isot_body_exact_duplicate
I_20278,1,isot_body_exact_duplicate
I_20279,1,isot_body_exact_duplicate
I_20281,1,isot_body_exact_duplicate
I_20282,1,isot_body_exact_duplicate
I_20283,1,isot_body_exact_duplicate
I_20284,1,isot_body_exact_duplicate
I_20285,1,isot_body_exact_duplicate
I_20286,1,isot_body_exact_duplicate
I_20287,1,isot_body_exact_duplicate
I_20288,1,isot_body_exact_duplicate
I_20291,1,isot_body_exact_duplicate
I_20292,1,isot_body_exact_duplicate
I_20293,1,isot_body_exact_duplicate
I_20294,1,isot_body_exact_duplicate
I_20295,1,isot_body_exact_duplicate
I_20296,1,isot_body_exact_duplicate
I_20297,1,isot_body_exact_duplicate
I_20299,1,isot_body_exact_duplicate
I_20300,1,isot_body_exact_duplicate
I_20301,1,isot_body_exact_duplicate
I_20302,1,isot_body_exact_duplicate
I_20303,1,isot_body_exact_duplicate
I_20304,1,isot_body_exact_duplicate
I_20305,1,isot_body_exact_duplicate
I_20306,1,isot_body_exact_duplicate
I_20307,1,isot_body_exact_duplicate
I_20308,1,isot_body_exact_duplicate
I_20310,1,isot_body_exact_duplicate
I_20317,1,isot_body_exact_duplicate
I_20320,1,isot_body_exact_duplicate
I_20323,1,isot_body_exact_duplicate
I_20325,1,isot_body_exact_duplicate
I_20326,1,isot_body_exact_duplicate
I_20327,1,isot_body_exact_duplicate
I_20330,1,isot_body_exact_duplicate
I_20331,1,isot_body_exact_duplicate
I_20332,1,isot_body_exact_duplicate
I_20333,1,isot_body_exact_duplicate
I_20334,1,isot_body_exact_duplicate
I_20335,1,isot_body_exact_duplicate
I_20336,1,isot_body_exact_duplicate
I_20337,1,isot_body_exact_duplicate
I_20338,1,isot_body_exact_duplicate
I_20339,1,isot_body_exact_duplicate
I_20340,1,isot_body_exact_duplicate
I_20341,1,isot_body_exact_duplicate
I_20345,1,isot_body_exact_duplicate
I_20346,1,isot_body_exact_duplicate
I_20347,1,isot_body_exact_duplicate
I_20348,1,isot_body_exact_duplicate
I_20349,1,isot_body_exact_duplicate
I_20350,1,isot_body_exact_duplicate
I_20354,1,isot_body_exact_duplicate
I_20355,1,isot_body_exact_duplicate
I_20356,1,isot_body_exact_duplicate
I_20358,1,isot_body_exact_duplicate
I_20359,1,isot_body_exact_duplicate
I_20360,1,isot_body_exact_duplicate
I_20361,1,isot_body_exact_duplicate
I_20364,1,isot_body_exact_duplicate
I_20365,1,isot_body_exact_duplicate
I_20367,1,isot_body_exact_duplicate
I_20368,1,isot_body_exact_duplicate
I_20369,1,isot_body_exact_duplicate
I_20370,1,isot_body_exact_duplicate
I_20372,1,isot_body_exact_duplicate
I_20374,1,isot_body_exact_duplicate
I_20375,1,isot_body_exact_duplicate
I_20376,1,isot_body_exact_duplicate
I_20378,1,isot_body_exact_duplicate
I_20380,1,isot_body_exact_duplicate
I_20381,1,isot_body_exact_duplicate
I_20382,1,isot_body_exact_duplicate
I_20383,1,isot_body_exact_duplicate
I_20384,1,isot_body_exact_duplicate
I_20387,1,isot_body_exact_duplicate
I_20389,1,isot_body_exact_duplicate
I_20390,1,isot_body_exact_duplicate
I_20391,1,isot_body_exact_duplicate
I_20392,1,isot_body_exact_duplicate
I_20393,1,isot_body_exact_duplicate
I_20395,1,isot_body_exact_duplicate
I_20396,1,isot_body_exact_duplicate
I_20397,1,isot_body_exact_duplicate
I_20398,1,isot_body_exact_duplicate
I_20399,1,isot_body_exact_duplicate
I_20401,1,isot_body_exact_duplicate
I_20402,1,isot_body_exact_duplicate
I_20404,1,isot_body_exact_duplicate
I_20405,1,isot_body_exact_duplicate
I_20406,1,isot_body_exact_duplicate
I_20407,1,isot_body_exact_duplicate
I_20411,1,isot_body_exact_duplicate
I_20412,1,isot_body_exact_duplicate
I_20413,1,isot_body_exact_duplicate
I_20415,1,isot_body_exact_duplicate
I_20416,1,isot_body_exact_duplicate
I_20417,1,isot_body_exact_duplicate
I_20418,1,isot_body_exact_duplicate
I_20419,1,isot_body_exact_duplicate
I_20420,1,isot_body_exact_duplicate
I_20421,1,isot_body_exact_duplicate
I_20423,1,isot_body_exact_duplicate
I_20424,1,isot_body_exact_duplicate
I_20426,1,isot_body_exact_duplicate
I_20427,1,isot_body_exact_duplicate
I_20428,1,isot_body_exact_duplicate
I_20429,1,isot_body_exact_duplicate
I_20431,1,isot_body_exact_duplicate
I_20432,1,isot_body_exact_duplicate
I_20434,1,isot_body_exact_duplicate
I_20435,1,isot_body_exact_duplicate
I_20436,1,isot_body_exact_duplicate
I_20437,1,isot_body_exact_duplicate
I_20438,1,isot_body_exact_duplicate
I_20439,1,isot_body_exact_duplicate
I_20440,1,isot_body_exact_duplicate
I_20442,1,isot_body_exact_duplicate
I_20443,1,isot_body_exact_duplicate
I_20445,1,isot_body_exact_duplicate
I_20446,1,isot_body_exact_duplicate
I_20447,1,isot_body_exact_duplicate
I_20448,1,isot_body_exact_duplicate
I_20449,1,isot_body_exact_duplicate
I_20450,1,isot_body_exact_duplicate
I_20453,1,isot_body_exact_duplicate
I_20454,1,isot_body_exact_duplicate
I_20456,1,isot_body_exact_duplicate
I_20457,1,isot_body_exact_duplicate
I_20458,1,isot_body_exact_duplicate
I_20460,1,isot_body_exact_duplicate
I_20461,1,isot_body_exact_duplicate
I_20462,1,isot_body_exact_duplicate
I_20463,1,isot_body_exact_duplicate
I_20465,1,isot_body_exact_duplicate
I_20466,1,isot_body_exact_duplicate
I_20467,1,isot_body_exact_duplicate
I_20469,1,isot_body_exact_duplicate
I_20471,1,isot_body_exact_duplicate
I_20472,1,isot_body_exact_duplicate
I_20473,1,isot_body_exact_duplicate
I_20474,1,isot_body_exact_duplicate
I_20475,1,isot_body_exact_duplicate
I_20476,1,isot_body_exact_duplicate
I_20477,1,isot_body_exact_duplicate
I_20478,1,isot_body_exact_duplicate
I_20479,1,isot_body_exact_duplicate
I_20480,1,isot_body_exact_duplicate
I_20481,1,isot_body_exact_duplicate
I_20482,1,isot_body_exact_duplicate
I_20483,1,isot_body_exact_duplicate
I_20484,1,isot_body_exact_duplicate
I_20485,1,isot_body_exact_duplicate
I_20486,1,isot_body_exact_duplicate
I_20487,1,isot_body_exact_duplicate
I_20488,1,isot_body_exact_duplicate
I_20489,1,isot_body_exact_duplicate
I_20491,1,isot_body_exact_duplicate
I_20492,1,isot_body_exact_duplicate
I_20493,1,isot_body_exact_duplicate
I_20494,1,isot_body_exact_duplicate
I_20495,1,isot_body_exact_duplicate
I_20496,1,isot_body_exact_duplicate
I_20497,1,isot_body_exact_duplicate
I_20499,1,isot_body_exact_duplicate
I_20500,1,isot_body_exact_duplicate
I_20501,1,isot_body_exact_duplicate
I_20502,1,isot_body_exact_duplicate
I_20503,1,isot_body_exact_duplicate
I_20504,1,isot_body_exact_duplicate
I_20506,1,isot_body_exact_duplicate
I_20507,1,isot_body_exact_duplicate
I_20508,1,isot_body_exact_duplicate
I_20509,1,isot_body_exact_duplicate
I_20510,1,isot_body_exact_duplicate
I_20512,1,isot_body_exact_duplicate
I_20513,1,isot_body_exact_duplicate
I_20514,1,isot_body_exact_duplicate
I_20515,1,isot_body_exact_duplicate
I_20516,1,isot_body_exact_duplicate
I_20517,1,isot_body_exact_duplicate
I_20518,1,isot_body_exact_duplicate
I_20520,1,isot_body_exact_duplicate
I_20521,1,isot_body_exact_duplicate
I_20522,1,isot_body_exact_duplicate
I_20523,1,isot_body_exact_duplicate
I_20524,1,isot_body_exact_duplicate
I_20525,1,isot_body_exact_duplicate
I_20526,1,isot_body_exact_duplicate
I_20527,1,isot_body_exact_duplicate
I_20528,1,isot_body_exact_duplicate
I_20529,1,isot_body_exact_duplicate
I_20530,1,isot_body_exact_duplicate
I_20531,1,isot_body_exact_duplicate
I_20534,1,isot_body_exact_duplicate
I_20536,1,isot_body_exact_duplicate
I_20537,1,isot_body_exact_duplicate
I_20539,1,isot_body_exact_duplicate
I_20540,1,isot_body_exact_duplicate
I_20542,1,isot_body_exact_duplicate
I_20544,1,isot_body_exact_duplicate
I_20546,1,isot_body_exact_duplicate
I_20547,1,isot_body_exact_duplicate
I_20548,1,isot_body_exact_duplicate
I_20549,1,isot_body_exact_duplicate
I_20550,1,isot_body_exact_duplicate
I_20551,1,isot_body_exact_duplicate
I_20552,1,isot_body_exact_duplicate
I_20554,1,isot_body_exact_duplicate
I_20555,1,isot_body_exact_duplicate
I_20556,1,isot_body_exact_duplicate
I_20557,1,isot_body_exact_duplicate
I_20561,1,isot_body_exact_duplicate
I_20562,1,isot_body_exact_duplicate
I_20564,1,isot_body_exact_duplicate
I_20565,1,isot_body_exact_duplicate
I_20566,1,isot_body_exact_duplicate
I_20567,1,isot_body_exact_duplicate
I_20568,1,isot_body_exact_duplicate
I_20569,1,isot_body_exact_duplicate
I_20570,1,isot_body_exact_duplicate
I_20571,1,isot_body_exact_duplicate
I_20572,1,isot_body_exact_duplicate
I_20575,1,isot_body_exact_duplicate
I_20577,1,isot_body_exact_duplicate
I_20578,1,isot_body_exact_duplicate
I_20579,1,isot_body_exact_duplicate
I_20580,1,isot_body_exact_duplicate
I_20581,1,isot_body_exact_duplicate
I_20582,1,isot_body_exact_duplicate
I_20583,1,isot_body_exact_duplicate
I_20584,1,isot_body_exact_duplicate
I_20585,1,isot_body_exact_duplicate
I_20586,1,isot_body_exact_duplicate
I_20587,1,isot_body_exact_duplicate
I_20588,1,isot_body_exact_duplicate
I_20589,1,isot_body_exact_duplicate
I_20591,1,isot_body_exact_duplicate
I_20592,1,isot_body_exact_duplicate
I_20593,1,isot_body_exact_duplicate
I_20595,1,isot_body_exact_duplicate
I_20596,1,isot_body_exact_duplicate
I_20597,1,isot_body_exact_duplicate
I_20598,1,isot_body_exact_duplicate
I_20599,1,isot_body_exact_duplicate
I_20600,1,isot_body_exact_duplicate
I_20601,1,isot_body_exact_duplicate
I_20602,1,isot_body_exact_duplicate
I_20603,1,isot_body_exact_duplicate
I_20604,1,isot_body_exact_duplicate
I_20605,1,isot_body_exact_duplicate
I_20607,1,isot_body_exact_duplicate
I_20609,1,isot_body_exact_duplicate
I_20610,1,isot_body_exact_duplicate
I_20611,1,isot_body_exact_duplicate
I_20612,1,isot_body_exact_duplicate
I_20613,1,isot_body_exact_duplicate
I_20614,1,isot_body_exact_duplicate
I_20615,1,isot_body_exact_duplicate
I_20616,1,isot_body_exact_duplicate
I_20617,1,isot_body_exact_duplicate
I_20619,1,isot_body_exact_duplicate
I_20620,1,isot_body_exact_duplicate
I_20621,1,isot_body_exact_duplicate
I_20622,1,isot_body_exact_duplicate
I_20625,1,isot_body_exact_duplicate
I_20626,1,isot_body_exact_duplicate
I_20627,1,isot_body_exact_duplicate
I_20628,1,isot_body_exact_duplicate
I_20630,1,isot_body_exact_duplicate
I_20634,1,isot_body_exact_duplicate
I_20637,1,isot_body_exact_duplicate
I_20638,1,isot_body_exact_duplicate
I_20639,1,isot_body_exact_duplicate
I_20642,1,isot_body_exact_duplicate
I_20643,1,isot_body_exact_duplicate
I_20644,1,isot_body_exact_duplicate
I_20646,1,isot_body_exact_duplicate
I_20647,1,isot_body_exact_duplicate
I_20648,1,isot_body_exact_duplicate
I_20649,1,isot_body_exact_duplicate
I_20651,1,isot_body_exact_duplicate
I_20652,1,isot_body_exact_duplicate
I_20654,1,isot_body_exact_duplicate
I_20655,1,isot_body_exact_duplicate
I_20656,1,isot_body_exact_duplicate
I_20657,1,isot_body_exact_duplicate
I_20658,1,isot_body_exact_duplicate
I_20659,1,isot_body_exact_duplicate
I_20660,1,isot_body_exact_duplicate
I_20661,1,isot_body_exact_duplicate
I_20662,1,isot_body_exact_duplicate
I_20663,1,isot_body_exact_duplicate
I_20665,1,isot_body_exact_duplicate
I_20666,1,isot_body_exact_duplicate
I_20667,1,isot_body_exact_duplicate
I_20668,1,isot_body_exact_duplicate
I_20669,1,isot_body_exact_duplicate
I_20670,1,isot_body_exact_duplicate
I_20671,1,isot_body_exact_duplicate
I_20672,1,isot_body_exact_duplicate
I_20674,1,isot_body_exact_duplicate
I_20675,1,isot_body_exact_duplicate
I_20678,1,isot_body_exact_duplicate
I_20679,1,isot_body_exact_duplicate
I_20680,1,isot_body_exact_duplicate
I_20681,1,isot_body_exact_duplicate
I_20682,1,isot_body_exact_duplicate
I_20685,1,isot_body_exact_duplicate
I_20687,1,isot_body_exact_duplicate
I_20688,1,isot_body_exact_duplicate
I_20689,1,isot_body_exact_duplicate
I_20690,1,isot_body_exact_duplicate
I_20691,1,isot_body_exact_duplicate
I_20694,1,isot_body_exact_duplicate
I_20695,1,isot_body_exact_duplicate
I_20696,1,isot_body_exact_duplicate
I_20697,1,isot_body_exact_duplicate
I_20699,1,isot_body_exact_duplicate
I_20700,1,isot_body_exact_duplicate
I_20701,1,isot_body_exact_duplicate
I_20702,1,isot_body_exact_duplicate
I_20704,1,isot_body_exact_duplicate
I_20705,1,isot_body_exact_duplicate
I_20706,1,isot_body_exact_duplicate
I_20707,1,isot_body_exact_duplicate
I_20708,1,isot_body_exact_duplicate
I_20709,1,isot_body_exact_duplicate
I_20710,1,isot_body_exact_duplicate
I_20711,1,isot_body_exact_duplicate
I_20712,1,isot_body_exact_duplicate
I_20713,1,isot_body_exact_duplicate
I_20714,1,isot_body_exact_duplicate
I_20717,1,isot_body_exact_duplicate
I_20718,1,isot_body_exact_duplicate
I_20719,1,isot_body_exact_duplicate
I_20720,1,isot_body_exact_duplicate
I_20721,1,isot_body_exact_duplicate
I_20723,1,isot_body_exact_duplicate
I_20725,1,isot_body_exact_duplicate
I_20726,1,isot_body_exact_duplicate
I_20727,1,isot_body_exact_duplicate
I_20728,1,isot_body_exact_duplicate
I_20729,1,isot_body_exact_duplicate
I_20730,1,isot_body_exact_duplicate
I_20731,1,isot_body_exact_duplicate
I_20732,1,isot_body_exact_duplicate
I_20733,1,isot_body_exact_duplicate
I_20734,1,isot_body_exact_duplicate
I_20735,1,isot_body_exact_duplicate
I_20736,1,isot_body_exact_duplicate
I_20737,1,isot_body_exact_duplicate
I_20738,1,isot_body_exact_duplicate
I_20739,1,isot_body_exact_duplicate
I_20740,1,isot_body_exact_duplicate
I_20742,1,isot_body_exact_duplicate
I_20743,1,isot_body_exact_duplicate
I_20744,1,isot_body_exact_duplicate
I_20745,1,isot_body_exact_duplicate
I_20747,1,isot_body_exact_duplicate
I_20748,1,isot_body_exact_duplicate
I_20751,1,isot_body_exact_duplicate
I_20752,1,isot_body_exact_duplicate
I_20753,1,isot_body_exact_duplicate
I_20756,1,isot_body_exact_duplicate
I_20757,1,isot_body_exact_duplicate
I_20758,1,isot_body_exact_duplicate
I_20759,1,isot_body_exact_duplicate
I_20760,1,isot_body_exact_duplicate
I_20761,1,isot_body_exact_duplicate
I_20762,1,isot_body_exact_duplicate
I_20763,1,isot_body_exact_duplicate
I_20765,1,isot_body_exact_duplicate
I_20767,1,isot_body_exact_duplicate
I_20768,1,isot_body_exact_duplicate
I_20769,1,isot_body_exact_duplicate
I_20771,1,isot_body_exact_duplicate
I_20772,1,isot_body_exact_duplicate
I_20773,1,isot_body_exact_duplicate
I_20774,1,isot_body_exact_duplicate
I_20775,1,isot_body_exact_duplicate
I_20776,1,isot_body_exact_duplicate
I_20777,1,isot_body_exact_duplicate
I_20779,1,isot_body_exact_duplicate
I_20780,1,isot_body_exact_duplicate
I_20781,1,isot_body_exact_duplicate
I_20782,1,isot_body_exact_duplicate
I_20783,1,isot_body_exact_duplicate
I_20784,1,isot_body_exact_duplicate
I_20785,1,isot_body_exact_duplicate
I_20791,1,isot_body_exact_duplicate
I_20792,1,isot_body_exact_duplicate
I_20794,1,isot_body_exact_duplicate
I_20796,1,isot_body_exact_duplicate
I_20797,1,isot_body_exact_duplicate
I_20798,1,isot_body_exact_duplicate
I_20800,1,isot_body_exact_duplicate
I_20804,1,isot_body_exact_duplicate
I_20806,1,isot_body_exact_duplicate
I_20807,1,isot_body_exact_duplicate
I_20808,1,isot_body_exact_duplicate
I_20810,1,isot_body_exact_duplicate
I_20811,1,isot_body_exact_duplicate
I_20812,1,isot_body_exact_duplicate
I_20813,1,isot_body_exact_duplicate
I_20814,1,isot_body_exact_duplicate
I_20815,1,isot_body_exact_duplicate
I_20816,1,isot_body_exact_duplicate
I_20817,1,isot_body_exact_duplicate
I_20818,1,isot_body_exact_duplicate
I_20820,1,isot_body_exact_duplicate
I_20821,1,isot_body_exact_duplicate
I_20823,1,isot_body_exact_duplicate
I_20824,1,isot_body_exact_duplicate
I_20825,1,isot_body_exact_duplicate
I_20827,1,isot_body_exact_duplicate
I_20828,1,isot_body_exact_duplicate
I_20829,1,isot_body_exact_duplicate
I_20830,1,isot_body_exact_duplicate
I_20831,1,isot_body_exact_duplicate
I_20832,1,isot_body_exact_duplicate
I_20833,1,isot_body_exact_duplicate
I_20834,1,isot_body_exact_duplicate
I_20835,1,isot_body_exact_duplicate
I_20836,1,isot_body_exact_duplicate
I_20838,1,isot_body_exact_duplicate
I_20840,1,isot_body_exact_duplicate
I_20841,1,isot_body_exact_duplicate
I_20842,1,isot_body_exact_duplicate
I_20843,1,isot_body_exact_duplicate
I_20844,1,isot_body_exact_duplicate
I_20845,1,isot_body_exact_duplicate
I_20846,1,isot_body_exact_duplicate
I_20847,1,isot_body_exact_duplicate
I_20848,1,isot_body_exact_duplicate
I_20849,1,isot_body_exact_duplicate
I_20851,1,isot_body_exact_duplicate
I_20852,1,isot_body_exact_duplicate
I_20853,1,isot_body_exact_duplicate
I_20854,1,isot_body_exact_duplicate
I_20855,1,isot_body_exact_duplicate
I_20856,1,isot_body_exact_duplicate
I_20857,1,isot_body_exact_duplicate
I_20858,1,isot_body_exact_duplicate
I_20859,1,isot_body_exact_duplicate
I_20860,1,isot_body_exact_duplicate
I_20861,1,isot_body_exact_duplicate
I_20862,1,isot_body_exact_duplicate
I_20863,1,isot_body_exact_duplicate
I_20864,1,isot_body_exact_duplicate
I_20865,1,isot_body_exact_duplicate
I_20866,1,isot_body_exact_duplicate
I_20867,1,isot_body_exact_duplicate
I_20868,1,isot_body_exact_duplicate
I_20869,1,isot_body_exact_duplicate
I_20870,1,isot_body_exact_duplicate
I_20871,1,isot_body_exact_duplicate
I_20872,1,isot_body_exact_duplicate
I_20873,1,isot_body_exact_duplicate
I_20874,1,isot_body_exact_duplicate
I_20875,1,isot_body_exact_duplicate
I_20877,1,isot_body_exact_duplicate
I_20878,1,isot_body_exact_duplicate
I_20879,1,isot_body_exact_duplicate
I_20880,1,isot_body_exact_duplicate
I_20882,1,isot_body_exact_duplicate
I_20883,1,isot_body_exact_duplicate
I_20884,1,isot_body_exact_duplicate
I_20885,1,isot_body_exact_duplicate
I_20886,1,isot_body_exact_duplicate
I_20887,1,isot_body_exact_duplicate
I_20889,1,isot_body_exact_duplicate
I_20891,1,isot_body_exact_duplicate
I_20892,1,isot_body_exact_duplicate
I_20893,1,isot_body_exact_duplicate
I_20894,1,isot_body_exact_duplicate
I_20895,1,isot_body_exact_duplicate
I_20896,1,isot_body_exact_duplicate
I_20897,1,isot_body_exact_duplicate
I_20899,1,isot_body_exact_duplicate
I_20900,1,isot_body_exact_duplicate
I_20901,1,isot_body_exact_duplicate
I_20902,1,isot_body_exact_duplicate
I_20903,1,isot_body_exact_duplicate
I_20905,1,isot_body_exact_duplicate
I_20907,1,isot_body_exact_duplicate
I_20908,1,isot_body_exact_duplicate
I_20909,1,isot_body_exact_duplicate
I_20910,1,isot_body_exact_duplicate
I_20911,1,isot_body_exact_duplicate
I_20912,1,isot_body_exact_duplicate
I_20914,1,isot_body_exact_duplicate
I_20915,1,isot_body_exact_duplicate
I_20916,1,isot_body_exact_duplicate
I_20917,1,isot_body_exact_duplicate
I_20919,1,isot_body_exact_duplicate
I_20920,1,isot_body_exact_duplicate
I_20921,1,isot_body_exact_duplicate
I_20923,1,isot_body_exact_duplicate
I_20924,1,isot_body_exact_duplicate
I_20925,1,isot_body_exact_duplicate
I_20927,1,isot_body_exact_duplicate
I_20928,1,isot_body_exact_duplicate
I_20929,1,isot_body_exact_duplicate
I_20930,1,isot_body_exact_duplicate
I_20931,1,isot_body_exact_duplicate
I_20932,1,isot_body_exact_duplicate
I_20933,1,isot_body_exact_duplicate
I_20934,1,isot_body_exact_duplicate
I_20935,1,isot_body_exact_duplicate
I_20936,1,isot_body_exact_duplicate
I_20937,1,isot_body_exact_duplicate
I_20938,1,isot_body_exact_duplicate
I_20939,1,isot_body_exact_duplicate
I_20940,1,isot_body_exact_duplicate
I_20941,1,isot_body_exact_duplicate
I_20942,1,isot_body_exact_duplicate
I_20943,1,isot_body_exact_duplicate
I_20944,1,isot_body_exact_duplicate
I_20945,1,isot_body_exact_duplicate
I_20946,1,isot_body_exact_duplicate
I_20947,1,isot_body_exact_duplicate
I_20948,1,isot_body_exact_duplicate
I_20949,1,isot_body_exact_duplicate
I_20952,1,isot_body_exact_duplicate
I_20953,1,isot_body_exact_duplicate
I_20954,1,isot_body_exact_duplicate
I_20955,1,isot_body_exact_duplicate
I_20956,1,isot_body_exact_duplicate
I_20957,1,isot_body_exact_duplicate
I_20958,1,isot_body_exact_duplicate
I_20960,1,isot_body_exact_duplicate
I_20965,1,isot_body_exact_duplicate
I_20966,1,isot_body_exact_duplicate
I_20967,1,isot_body_exact_duplicate
I_20968,1,isot_body_exact_duplicate
I_20970,1,isot_body_exact_duplicate
I_20971,1,isot_body_exact_duplicate
I_20973,1,isot_body_exact_duplicate
I_20974,1,isot_body_exact_duplicate
I_20975,1,isot_body_exact_duplicate
I_20977,1,isot_body_exact_duplicate
I_20978,1,isot_body_exact_duplicate
I_20979,1,isot_body_exact_duplicate
I_20981,1,isot_body_exact_duplicate
I_20984,1,isot_body_exact_duplicate
I_20985,1,isot_body_exact_duplicate
I_20986,1,isot_body_exact_duplicate
I_20987,1,isot_body_exact_duplicate
I_20989,1,isot_body_exact_duplicate
I_20990,1,isot_body_exact_duplicate
I_20991,1,isot_body_exact_duplicate
I_20992,1,isot_body_exact_duplicate
I_20994,1,isot_body_exact_duplicate
I_20995,1,isot_body_exact_duplicate
I_20996,1,isot_body_exact_duplicate
I_20999,1,isot_body_exact_duplicate
I_21001,1,isot_body_exact_duplicate
I_21002,1,isot_body_exact_duplicate
I_21004,1,isot_body_exact_duplicate
I_21005,1,isot_body_exact_duplicate
I_21006,1,isot_body_exact_duplicate
I_21007,1,isot_body_exact_duplicate
I_21008,1,isot_body_exact_duplicate
I_21011,1,isot_body_exact_duplicate
I_21012,1,isot_body_exact_duplicate
I_21013,1,isot_body_exact_duplicate
I_21014,1,isot_body_exact_duplicate
I_21016,1,isot_body_exact_duplicate
I_21017,1,isot_body_exact_duplicate
I_21018,1,isot_body_exact_duplicate
I_21019,1,isot_body_exact_duplicate
I_21020,1,isot_body_exact_duplicate
I_21021,1,isot_body_exact_duplicate
I_21023,1,isot_body_exact_duplicate
I_21025,1,isot_body_exact_duplicate
I_21026,1,isot_body_exact_duplicate
I_21027,1,isot_body_exact_duplicate
I_21028,1,isot_body_exact_duplicate
I_21029,1,isot_body_exact_duplicate
I_21030,1,isot_body_exact_duplicate
I_21031,1,isot_body_exact_duplicate
I_21033,1,isot_body_exact_duplicate
I_21034,1,isot_body_exact_duplicate
I_21036,1,isot_body_exact_duplicate
I_21037,1,isot_body_exact_duplicate
I_21038,1,isot_body_exact_duplicate
I_21039,1,isot_body_exact_duplicate
I_21040,1,isot_body_exact_duplicate
I_21043,1,isot_body_exact_duplicate
I_21044,1,isot_body_exact_duplicate
I_21045,1,isot_body_exact_duplicate
I_21046,1,isot_body_exact_duplicate
I_21047,1,isot_body_exact_duplicate
I_21048,1,isot_body_exact_duplicate
I_21049,1,isot_body_exact_duplicate
I_21051,1,isot_body_exact_duplicate
I_21053,1,isot_body_exact_duplicate
I_21055,1,isot_body_exact_duplicate
I_21056,1,isot_body_exact_duplicate
I_21057,1,isot_body_exact_duplicate
I_21058,1,isot_body_exact_duplicate
I_21060,1,isot_body_exact_duplicate
I_21061,1,isot_body_exact_duplicate
I_21063,1,isot_body_exact_duplicate
I_21064,1,isot_body_exact_duplicate
I_21065,1,isot_body_exact_duplicate
I_21067,1,isot_body_exact_duplicate
I_21068,1,isot_body_exact_duplicate
I_21069,1,isot_body_exact_duplicate
I_21070,1,isot_body_exact_duplicate
I_21071,1,isot_body_exact_duplicate
I_21072,1,isot_body_exact_duplicate
I_21074,1,isot_body_exact_duplicate
I_21075,1,isot_body_exact_duplicate
I_21076,1,isot_body_exact_duplicate
I_21077,1,isot_body_exact_duplicate
I_21080,1,isot_body_exact_duplicate
I_21082,1,isot_body_exact_duplicate
I_21084,1,isot_body_exact_duplicate
I_21085,1,isot_body_exact_duplicate
I_21087,1,isot_body_exact_duplicate
I_21088,1,isot_body_exact_duplicate
I_21089,1,isot_body_exact_duplicate
I_21092,1,isot_body_exact_duplicate
I_21093,1,isot_body_exact_duplicate
I_21094,1,isot_body_exact_duplicate
I_21095,1,isot_body_exact_duplicate
I_21096,1,isot_body_exact_duplicate
I_21097,1,isot_body_exact_duplicate
I_21098,1,isot_body_exact_duplicate
I_21099,1,isot_body_exact_duplicate
I_21100,1,isot_body_exact_duplicate
I_21101,1,isot_body_exact_duplicate
I_21102,1,isot_body_exact_duplicate
I_21103,1,isot_body_exact_duplicate
I_21104,1,isot_body_exact_duplicate
I_21106,1,isot_body_exact_duplicate
I_21107,1,isot_body_exact_duplicate
I_21108,1,isot_body_exact_duplicate
I_21109,1,isot_body_exact_duplicate
I_21110,1,isot_body_exact_duplicate
I_21112,1,isot_body_exact_duplicate
I_21113,1,isot_body_exact_duplicate
I_21117,1,isot_body_exact_duplicate
I_21119,1,isot_body_exact_duplicate
I_21120,1,isot_body_exact_duplicate
I_21121,1,isot_body_exact_duplicate
I_21122,1,isot_body_exact_duplicate
I_21123,1,isot_body_exact_duplicate
I_21124,1,isot_body_exact_duplicate
I_21125,1,isot_body_exact_duplicate
I_21127,1,isot_body_exact_duplicate
I_21128,1,isot_body_exact_duplicate
I_21129,1,isot_body_exact_duplicate
I_21130,1,isot_body_exact_duplicate
I_21131,1,isot_body_exact_duplicate
I_21132,1,isot_body_exact_duplicate
I_21133,1,isot_body_exact_duplicate
I_21134,1,isot_body_exact_duplicate
I_21137,1,isot_body_exact_duplicate
I_21139,1,isot_body_exact_duplicate
I_21140,1,isot_body_exact_duplicate
I_21142,1,isot_body_exact_duplicate
I_21143,1,isot_body_exact_duplicate
I_21145,1,isot_body_exact_duplicate
I_21146,1,isot_body_exact_duplicate
I_21147,1,isot_body_exact_duplicate
I_21148,1,isot_body_exact_duplicate
I_21151,1,isot_body_exact_duplicate
I_21152,1,isot_body_exact_duplicate
I_21153,1,isot_body_exact_duplicate
I_21154,1,isot_body_exact_duplicate
I_21155,1,isot_body_exact_duplicate
I_21156,1,isot_body_exact_duplicate
I_21157,1,isot_body_exact_duplicate
I_21158,1,isot_body_exact_duplicate
I_21159,1,isot_body_exact_duplicate
I_21160,1,isot_body_exact_duplicate
I_21161,1,isot_body_exact_duplicate
I_21163,1,isot_body_exact_duplicate
I_21165,1,isot_body_exact_duplicate
I_21166,1,isot_body_exact_duplicate
I_21167,1,isot_body_exact_duplicate
I_21168,1,isot_body_exact_duplicate
I_21169,1,isot_body_exact_duplicate
I_21170,1,isot_body_exact_duplicate
I_21171,1,isot_body_exact_duplicate
I_21172,1,isot_body_exact_duplicate
I_21173,1,isot_body_exact_duplicate
I_21175,1,isot_body_exact_duplicate
I_21176,1,isot_body_exact_duplicate
I_21177,1,isot_body_exact_duplicate
I_21178,1,isot_body_exact_duplicate
I_21179,1,isot_body_exact_duplicate
I_21180,1,isot_body_exact_duplicate
I_21181,1,isot_body_exact_duplicate
I_21182,1,isot_body_exact_duplicate
I_21183,1,isot_body_exact_duplicate
I_21184,1,isot_body_exact_duplicate
I_21185,1,isot_body_exact_duplicate
I_21186,1,isot_body_exact_duplicate
I_21188,1,isot_body_exact_duplicate
I_21189,1,isot_body_exact_duplicate
I_21190,1,isot_body_exact_duplicate
I_21193,1,isot_body_exact_duplicate
I_21194,1,isot_body_exact_duplicate
I_21195,1,isot_body_exact_duplicate
I_21197,1,isot_body_exact_duplicate
I_21198,1,isot_body_exact_duplicate
I_21199,1,isot_body_exact_duplicate
I_21201,1,isot_body_exact_duplicate
I_21202,1,isot_body_exact_duplicate
I_21204,1,isot_body_exact_duplicate
I_21205,1,isot_body_exact_duplicate
I_21206,1,isot_body_exact_duplicate
I_21207,1,isot_body_exact_duplicate
I_21208,1,isot_body_exact_duplicate
I_21210,1,isot_body_exact_duplicate
I_21211,1,isot_body_exact_duplicate
I_21213,1,isot_body_exact_duplicate
I_21216,1,isot_body_exact_duplicate
I_21218,1,isot_body_exact_duplicate
I_21222,1,isot_body_exact_duplicate
I_21223,1,isot_body_exact_duplicate
I_21224,1,isot_body_exact_duplicate
I_21225,1,isot_body_exact_duplicate
I_21226,1,isot_body_exact_duplicate
I_21227,1,isot_body_exact_duplicate
I_21229,1,isot_body_exact_duplicate
I_21231,1,isot_body_exact_duplicate
I_21233,1,isot_body_exact_duplicate
I_21234,1,isot_body_exact_duplicate
I_21235,1,isot_body_exact_duplicate
I_21238,1,isot_body_exact_duplicate
I_21239,1,isot_body_exact_duplicate
I_21240,1,isot_body_exact_duplicate
I_21241,1,isot_body_exact_duplicate
I_21242,1,isot_body_exact_duplicate
I_21243,1,isot_body_exact_duplicate
I_21244,1,isot_body_exact_duplicate
I_21245,1,isot_body_exact_duplicate
I_21246,1,isot_body_exact_duplicate
I_21247,1,isot_body_exact_duplicate
I_21248,1,isot_body_exact_duplicate
I_21249,1,isot_body_exact_duplicate
I_21250,1,isot_body_exact_duplicate
I_21253,1,isot_body_exact_duplicate
I_21256,1,isot_body_exact_duplicate
I_21257,1,isot_body_exact_duplicate
I_21258,1,isot_body_exact_duplicate
I_21259,1,isot_body_exact_duplicate
I_21260,1,isot_body_exact_duplicate
I_21261,1,isot_body_exact_duplicate
I_21263,1,isot_body_exact_duplicate
I_21264,1,isot_body_exact_duplicate
I_21266,1,isot_body_exact_duplicate
I_21267,1,isot_body_exact_duplicate
I_21270,1,isot_body_exact_duplicate
I_21272,1,isot_body_exact_duplicate
I_21273,1,isot_body_exact_duplicate
I_21279,1,isot_body_exact_duplicate
I_21281,1,isot_body_exact_duplicate
I_21282,1,isot_body_exact_duplicate
I_21285,1,isot_body_exact_duplicate
I_21286,1,isot_body_exact_duplicate
I_21287,1,isot_body_exact_duplicate
I_21289,1,isot_body_exact_duplicate
I_21290,1,isot_body_exact_duplicate
I_21291,1,isot_body_exact_duplicate
I_21293,1,isot_body_exact_duplicate
I_21294,1,isot_body_exact_duplicate
I_21295,1,isot_body_exact_duplicate
I_21304,1,isot_body_exact_duplicate
I_21305,1,isot_body_exact_duplicate
I_21307,1,isot_body_exact_duplicate
I_21309,1,isot_body_exact_duplicate
I_21310,1,isot_body_exact_duplicate
I_21311,1,isot_body_exact_duplicate
I_21314,1,isot_body_exact_duplicate
I_21317,1,isot_body_exact_duplicate
I_21320,1,isot_body_exact_duplicate
I_21321,1,isot_body_exact_duplicate
I_21322,1,isot_body_exact_duplicate
I_21323,1,isot_body_exact_duplicate
I_21326,1,isot_body_exact_duplicate
I_21327,1,isot_body_exact_duplicate
I_21329,1,isot_body_exact_duplicate
I_21331,1,isot_body_exact_duplicate
I_21333,1,isot_body_exact_duplicate
I_21335,1,isot_body_exact_duplicate
I_21336,1,isot_body_exact_duplicate
I_21343,1,isot_body_exact_duplicate
I_21344,1,isot_body_exact_duplicate
I_21345,1,isot_body_exact_duplicate
I_21346,1,isot_body_exact_duplicate
I_21347,1,isot_body_exact_duplicate
I_21348,1,isot_body_exact_duplicate
I_21351,1,isot_body_exact_duplicate
I_21352,1,isot_body_exact_duplicate
I_21353,1,isot_body_exact_duplicate
I_21354,1,isot_body_exact_duplicate
I_21356,1,isot_body_exact_duplicate
I_21359,1,isot_body_exact_duplicate
I_21361,1,isot_body_exact_duplicate
I_21363,1,isot_body_exact_duplicate
I_21364,1,isot_body_exact_duplicate
I_21365,1,isot_body_exact_duplicate
I_21367,1,isot_body_exact_duplicate
I_21369,1,isot_body_exact_duplicate
I_21370,1,isot_body_exact_duplicate
I_21371,1,isot_body_exact_duplicate
I_21373,1,isot_body_exact_duplicate
I_21374,1,isot_body_exact_duplicate
I_21375,1,isot_body_exact_duplicate
I_21376,1,isot_body_exact_duplicate
I_21377,1,isot_body_exact_duplicate
I_21378,1,isot_body_exact_duplicate
I_21380,1,isot_body_exact_duplicate
I_21382,1,isot_body_exact_duplicate
I_21384,1,isot_body_exact_duplicate
I_21385,1,isot_body_exact_duplicate
I_21388,1,isot_body_exact_duplicate
I_21389,1,isot_body_exact_duplicate
I_21390,1,isot_body_exact_duplicate
I_21391,1,isot_body_exact_duplicate
I_21392,1,isot_body_exact_duplicate
I_21395,1,isot_body_exact_duplicate
I_21396,1,isot_body_exact_duplicate
I_21397,1,isot_body_exact_duplicate
I_21398,1,isot_body_exact_duplicate
I_21400,1,isot_body_exact_duplicate
I_21401,1,isot_body_exact_duplicate
I_21402,1,isot_body_exact_duplicate
I_21404,1,isot_body_exact_duplicate
I_21407,1,isot_body_exact_duplicate
I_21410,1,isot_body_exact_duplicate
I_21411,1,isot_body_exact_duplicate
I_21412,1,isot_body_exact_duplicate
I_21413,1,isot_body_exact_duplicate
I_21414,1,isot_body_exact_duplicate
I_21417,1,isot_body_exact_duplicate
I_21418,1,isot_body_exact_duplicate
I_21419,1,isot_body_exact_duplicate
I_21420,1,isot_body_exact_duplicate
I_21421,1,isot_body_exact_duplicate
I_21422,1,isot_body_exact_duplicate
I_21424,1,isot_body_exact_duplicate
I_21425,1,isot_body_exact_duplicate
I_21428,1,isot_body_exact_duplicate
I_21431,1,isot_body_exact_duplicate
I_21433,1,isot_body_exact_duplicate
I_21435,1,isot_body_exact_duplicate
I_21436,1,isot_body_exact_duplicate
I_21437,1,isot_body_exact_duplicate
I_21439,1,isot_body_exact_duplicate
I_21440,1,isot_body_exact_duplicate
I_21441,1,isot_body_exact_duplicate
I_21444,1,isot_body_exact_duplicate
I_21445,1,isot_body_exact_duplicate
I_21447,1,isot_body_exact_duplicate
I_21448,1,isot_body_exact_duplicate
I_21449,1,isot_body_exact_duplicate
I_21450,1,isot_body_exact_duplicate
I_21451,1,isot_body_exact_duplicate
I_21452,1,isot_body_exact_duplicate
I_21454,1,isot_body_exact_duplicate
I_21456,1,isot_body_exact_duplicate
I_21459,1,isot_body_exact_duplicate
I_21469,1,isot_body_exact_duplicate
I_21470,1,isot_body_exact_duplicate
I_21471,1,isot_body_exact_duplicate
I_21472,1,isot_body_exact_duplicate
I_21474,1,isot_body_exact_duplicate
I_21476,1,isot_body_exact_duplicate
I_21477,1,isot_body_exact_duplicate
I_21481,1,isot_body_exact_duplicate
I_21482,1,isot_body_exact_duplicate
I_21483,1,isot_body_exact_duplicate
I_21484,1,isot_body_exact_duplicate
I_21485,1,isot_body_exact_duplicate
I_21487,1,isot_body_exact_duplicate
I_21488,1,isot_body_exact_duplicate
I_21489,1,isot_body_exact_duplicate
I_21495,1,isot_body_exact_duplicate
I_21496,1,isot_body_exact_duplicate
I_21497,1,isot_body_exact_duplicate
I_21499,1,isot_body_exact_duplicate
I_21500,1,isot_body_exact_duplicate
I_21504,1,isot_body_exact_duplicate
I_21505,1,isot_body_exact_duplicate
I_21507,1,isot_body_exact_duplicate
I_21508,1,isot_body_exact_duplicate
I_21509,1,isot_body_exact_duplicate
I_21511,1,isot_body_exact_duplicate
I_21512,1,isot_body_exact_duplicate
I_21513,1,isot_body_exact_duplicate
I_21516,1,isot_body_exact_duplicate
I_21517,1,isot_body_exact_duplicate
I_21520,1,isot_body_exact_duplicate
I_21521,1,isot_body_exact_duplicate
I_21522,1,isot_body_exact_duplicate
I_21523,1,isot_body_exact_duplicate
I_21526,1,isot_body_exact_duplicate
I_21527,1,isot_body_exact_duplicate
I_21528,1,isot_body_exact_duplicate
I_21529,1,isot_body_exact_duplicate
I_21530,1,isot_body_exact_duplicate
I_21532,1,isot_body_exact_duplicate
I_21536,1,isot_body_exact_duplicate
I_21537,1,isot_body_exact_duplicate
I_21538,1,isot_body_exact_duplicate
I_21541,1,isot_body_exact_duplicate
I_21542,1,isot_body_exact_duplicate
I_21543,1,isot_body_exact_duplicate
I_21544,1,isot_body_exact_duplicate
I_21545,1,isot_body_exact_duplicate
I_21546,1,isot_body_exact_duplicate
I_21547,1,isot_body_exact_duplicate
I_21552,1,isot_body_exact_duplicate
I_21553,1,isot_body_exact_duplicate
I_21554,1,isot_body_exact_duplicate
I_21555,1,isot_body_exact_duplicate
I_21556,1,isot_body_exact_duplicate
I_21557,1,isot_body_exact_duplicate
I_21558,1,isot_body_exact_duplicate
I_21559,1,isot_body_exact_duplicate
I_21560,1,isot_body_exact_duplicate
I_21561,1,isot_body_exact_duplicate
I_21562,1,isot_body_exact_duplicate
I_21563,1,isot_body_exact_duplicate
I_21564,1,isot_body_exact_duplicate
I_21565,1,isot_body_exact_duplicate
I_21567,1,isot_body_exact_duplicate
I_21568,1,isot_body_exact_duplicate
I_21570,1,isot_body_exact_duplicate
I_21571,1,isot_body_exact_duplicate
I_21572,1,isot_body_exact_duplicate
I_21573,1,isot_body_exact_duplicate
I_21574,1,isot_body_exact_duplicate
I_21575,1,isot_body_exact_duplicate
I_21576,1,isot_body_exact_duplicate
I_21577,1,isot_body_exact_duplicate
I_21578,1,isot_body_exact_duplicate
I_21579,1,isot_body_exact_duplicate
I_21580,1,isot_body_exact_duplicate
I_21581,1,isot_body_exact_duplicate
I_21582,1,isot_body_exact_duplicate
I_21583,1,isot_body_exact_duplicate
I_21585,1,isot_body_exact_duplicate
I_21586,1,isot_body_exact_duplicate
I_21587,1,isot_body_exact_duplicate
I_21588,1,isot_body_exact_duplicate
I_21589,1,isot_body_exact_duplicate
I_21590,1,isot_body_exact_duplicate
I_21591,1,isot_body_exact_duplicate
I_21593,1,isot_body_exact_duplicate
I_21594,1,isot_body_exact_duplicate
I_21595,1,isot_body_exact_duplicate
I_21597,1,isot_body_exact_duplicate
I_21599,1,isot_body_exact_duplicate
I_21600,1,isot_body_exact_duplicate
I_21601,1,isot_body_exact_duplicate
I_21603,1,isot_body_exact_duplicate
I_21604,1,isot_body_exact_duplicate
I_21605,1,isot_body_exact_duplicate
I_21606,1,isot_body_exact_duplicate
I_21607,1,isot_body_exact_duplicate
I_21608,1,isot_body_exact_duplicate
I_21610,1,isot_body_exact_duplicate
I_21612,1,isot_body_exact_duplicate
I_21613,1,isot_body_exact_duplicate
I_21614,1,isot_body_exact_duplicate
I_21616,1,isot_body_exact_duplicate
I_21617,1,isot_body_exact_duplicate
I_21618,1,isot_body_exact_duplicate
I_21619,1,isot_body_exact_duplicate
I_21621,1,isot_body_exact_duplicate
I_21623,1,isot_body_exact_duplicate
I_21624,1,isot_body_exact_duplicate
I_21625,1,isot_body_exact_duplicate
I_21626,1,isot_body_exact_duplicate
I_21627,1,isot_body_exact_duplicate
I_21628,1,isot_body_exact_duplicate
I_21629,1,isot_body_exact_duplicate
I_21630,1,isot_body_exact_duplicate
I_21631,1,isot_body_exact_duplicate
I_21632,1,isot_body_exact_duplicate
I_21633,1,isot_body_exact_duplicate
I_21634,1,isot_body_exact_duplicate
I_21635,1,isot_body_exact_duplicate
I_21636,1,isot_body_exact_duplicate
I_21638,1,isot_body_exact_duplicate
I_21640,1,isot_body_exact_duplicate
I_21641,1,isot_body_exact_duplicate
I_21642,1,isot_body_exact_duplicate
I_21644,1,isot_body_exact_duplicate
I_21646,1,isot_body_exact_duplicate
I_21647,1,isot_body_exact_duplicate
I_21648,1,isot_body_exact_duplicate
I_21649,1,isot_body_exact_duplicate
I_21650,1,isot_body_exact_duplicate
I_21651,1,isot_body_exact_duplicate
I_21652,1,isot_body_exact_duplicate
I_21653,1,isot_body_exact_duplicate
I_21654,1,isot_body_exact_duplicate
I_21655,1,isot_body_exact_duplicate
I_21657,1,isot_body_exact_duplicate
I_21658,1,isot_body_exact_duplicate
I_21662,1,isot_body_exact_duplicate
I_21664,1,isot_body_exact_duplicate
I_21665,1,isot_body_exact_duplicate
I_21667,1,isot_body_exact_duplicate
I_21668,1,isot_body_exact_duplicate
I_21669,1,isot_body_exact_duplicate
I_21670,1,isot_body_exact_duplicate
I_21671,1,isot_body_exact_duplicate
I_21672,1,isot_body_exact_duplicate
I_21673,1,isot_body_exact_duplicate
I_21675,1,isot_body_exact_duplicate
I_21676,1,isot_body_exact_duplicate
I_21678,1,isot_body_exact_duplicate
I_21679,1,isot_body_exact_duplicate
I_21680,1,isot_body_exact_duplicate
I_21681,1,isot_body_exact_duplicate
I_21682,1,isot_body_exact_duplicate
I_21684,1,isot_body_exact_duplicate
I_21685,1,isot_body_exact_duplicate
I_21686,1,isot_body_exact_duplicate
I_21687,1,isot_body_exact_duplicate
I_21688,1,isot_body_exact_duplicate
I_21691,1,isot_body_exact_duplicate
I_21694,1,isot_body_exact_duplicate
I_21695,1,isot_body_exact_duplicate
I_21696,1,isot_body_exact_duplicate
I_21697,1,isot_body_exact_duplicate
I_21701,1,isot_body_exact_duplicate
I_21703,1,isot_body_exact_duplicate
I_21704,1,isot_body_exact_duplicate
I_21706,1,isot_body_exact_duplicate
I_21708,1,isot_body_exact_duplicate
I_21709,1,isot_body_exact_duplicate
I_21710,1,isot_body_exact_duplicate
I_21711,1,isot_body_exact_duplicate
I_21712,1,isot_body_exact_duplicate
I_21713,1,isot_body_exact_duplicate
I_21716,1,isot_body_exact_duplicate
I_21718,1,isot_body_exact_duplicate
I_21719,1,isot_body_exact_duplicate
I_21720,1,isot_body_exact_duplicate
I_21721,1,isot_body_exact_duplicate
I_21722,1,isot_body_exact_duplicate
I_21723,1,isot_body_exact_duplicate
I_21724,1,isot_body_exact_duplicate
I_21725,1,isot_body_exact_duplicate
I_21726,1,isot_body_exact_duplicate
I_21727,1,isot_body_exact_duplicate
I_21728,1,isot_body_exact_duplicate
I_21729,1,isot_body_exact_duplicate
I_21730,1,isot_body_exact_duplicate
I_21731,1,isot_body_exact_duplicate
I_21732,1,isot_body_exact_duplicate
I_21734,1,isot_body_exact_duplicate
I_21735,1,isot_body_exact_duplicate
I_21737,1,isot_body_exact_duplicate
I_21738,1,isot_body_exact_duplicate
I_21739,1,isot_body_exact_duplicate
I_21740,1,isot_body_exact_duplicate
I_21741,1,isot_body_exact_duplicate
I_21743,1,isot_body_exact_duplicate
I_21746,1,isot_body_exact_duplicate
I_21747,1,isot_body_exact_duplicate
I_21748,1,isot_body_exact_duplicate
I_21750,1,isot_body_exact_duplicate
I_21753,1,isot_body_exact_duplicate
I_21754,1,isot_body_exact_duplicate
I_21755,1,isot_body_exact_duplicate
I_21756,1,isot_body_exact_duplicate
I_21759,1,isot_body_exact_duplicate
I_21761,1,isot_body_exact_duplicate
I_21762,1,isot_body_exact_duplicate
I_21763,1,isot_body_exact_duplicate
I_21765,1,isot_body_exact_duplicate
I_21766,1,isot_body_exact_duplicate
I_21767,1,isot_body_exact_duplicate
I_21768,1,isot_body_exact_duplicate
I_21769,1,isot_body_exact_duplicate
I_21770,1,isot_body_exact_duplicate
I_21771,1,isot_body_exact_duplicate
I_21772,1,isot_body_exact_duplicate
I_21773,1,isot_body_exact_duplicate
I_21776,1,isot_body_exact_duplicate
I_21777,1,isot_body_exact_duplicate
I_21778,1,isot_body_exact_duplicate
I_21779,1,isot_body_exact_duplicate
I_21782,1,isot_body_exact_duplicate
I_21784,1,isot_body_exact_duplicate
I_21789,1,isot_body_exact_duplicate
I_21790,1,isot_body_exact_duplicate
I_21792,1,isot_body_exact_duplicate
I_21793,1,isot_body_exact_duplicate
I_21794,1,isot_body_exact_duplicate
I_21795,1,isot_body_exact_duplicate
I_21796,1,isot_body_exact_duplicate
I_21799,1,isot_body_exact_duplicate
I_21800,1,isot_body_exact_duplicate
I_21801,1,isot_body_exact_duplicate
I_21805,1,isot_body_exact_duplicate
I_21806,1,isot_body_exact_duplicate
I_21808,1,isot_body_exact_duplicate
I_21809,1,isot_body_exact_duplicate
I_21810,1,isot_body_exact_duplicate
I_21812,1,isot_body_exact_duplicate
I_21814,1,isot_body_exact_duplicate
I_21817,1,isot_body_exact_duplicate
I_21818,1,isot_body_exact_duplicate
I_21819,1,isot_body_exact_duplicate
I_21820,1,isot_body_exact_duplicate
I_21821,1,isot_body_exact_duplicate
I_21823,1,isot_body_exact_duplicate
I_21824,1,isot_body_exact_duplicate
I_21825,1,isot_body_exact_duplicate
I_21828,1,isot_body_exact_duplicate
I_21830,1,isot_body_exact_duplicate
I_21831,1,isot_body_exact_duplicate
I_21832,1,isot_body_exact_duplicate
I_21833,1,isot_body_exact_duplicate
I_21834,1,isot_body_exact_duplicate
I_21835,1,isot_body_exact_duplicate
I_21836,1,isot_body_exact_duplicate
I_21837,1,isot_body_exact_duplicate
I_21838,1,isot_body_exact_duplicate
I_21840,1,isot_body_exact_duplicate
I_21842,1,isot_body_exact_duplicate
I_21843,1,isot_body_exact_duplicate
I_21844,1,isot_body_exact_duplicate
I_21845,1,isot_body_exact_duplicate
I_21846,1,isot_body_exact_duplicate
I_21848,1,isot_body_exact_duplicate
I_21849,1,isot_body_exact_duplicate
I_21850,1,isot_body_exact_duplicate
I_21851,1,isot_body_exact_duplicate
I_21852,1,isot_body_exact_duplicate
I_21853,1,isot_body_exact_duplicate
I_21855,1,isot_body_exact_duplicate
I_21856,1,isot_body_exact_duplicate
I_21858,1,isot_body_exact_duplicate
I_21859,1,isot_body_exact_duplicate
I_21860,1,isot_body_exact_duplicate
I_21861,1,isot_body_exact_duplicate
I_21862,1,isot_body_exact_duplicate
I_21863,1,isot_body_exact_duplicate
I_21864,1,isot_body_exact_duplicate
I_21865,1,isot_body_exact_duplicate
I_21866,1,isot_body_exact_duplicate
I_21867,1,isot_body_exact_duplicate
I_21868,1,isot_body_exact_duplicate
I_21871,1,isot_body_exact_duplicate
I_21874,1,isot_body_exact_duplicate
I_21876,1,isot_body_exact_duplicate
I_21877,1,isot_body_exact_duplicate
I_21878,1,isot_body_exact_duplicate
I_21879,1,isot_body_exact_duplicate
I_21881,1,isot_body_exact_duplicate
I_21882,1,isot_body_exact_duplicate
I_21883,1,isot_body_exact_duplicate
I_21884,1,isot_body_exact_duplicate
I_21885,1,isot_body_exact_duplicate
I_21886,1,isot_body_exact_duplicate
I_21887,1,isot_body_exact_duplicate
I_21889,1,isot_body_exact_duplicate
I_21890,1,isot_body_exact_duplicate
I_21891,1,isot_body_exact_duplicate
I_21892,1,isot_body_exact_duplicate
I_21893,1,isot_body_exact_duplicate
I_21894,1,isot_body_exact_duplicate
I_21897,1,isot_body_exact_duplicate
I_21898,1,isot_body_exact_duplicate
I_21899,1,isot_body_exact_duplicate
I_21901,1,isot_body_exact_duplicate
I_21902,1,isot_body_exact_duplicate
I_21903,1,isot_body_exact_duplicate
I_21904,1,isot_body_exact_duplicate
I_21905,1,isot_body_exact_duplicate
I_21906,1,isot_body_exact_duplicate
I_21907,1,isot_body_exact_duplicate
I_21909,1,isot_body_exact_duplicate
I_21910,1,isot_body_exact_duplicate
I_21911,1,isot_body_exact_duplicate
I_21913,1,isot_body_exact_duplicate
I_21914,1,isot_body_exact_duplicate
I_21915,1,isot_body_exact_duplicate
I_21918,1,isot_body_exact_duplicate
I_21919,1,isot_body_exact_duplicate
I_22703,1,isot_body_exact_duplicate
I_22704,1,isot_body_exact_duplicate
I_22705,1,isot_body_exact_duplicate
I_22706,1,isot_body_exact_duplicate
I_22707,1,isot_body_exact_duplicate
I_22708,1,isot_body_exact_duplicate
I_22709,1,isot_body_exact_duplicate
I_22710,1,isot_body_exact_duplicate
I_22711,1,isot_body_exact_duplicate
I_22712,1,isot_body_exact_duplicate
I_22713,1,isot_body_exact_duplicate
I_22714,1,isot_body_exact_duplicate
I_22715,1,isot_body_exact_duplicate
I_22716,1,isot_body_exact_duplicate
I_22717,1,isot_body_exact_duplicate
I_22718,1,isot_body_exact_duplicate
I_22719,1,isot_body_exact_duplicate
I_22720,1,isot_body_exact_duplicate
I_22721,1,isot_body_exact_duplicate
I_22722,1,isot_body_exact_duplicate
I_22723,1,isot_body_exact_duplicate
I_22724,1,isot_body_exact_duplicate
I_22725,1,isot_body_exact_duplicate
I_22726,1,isot_body_exact_duplicate
I_22727,1,isot_body_exact_duplicate
I_22728,1,isot_body_exact_duplicate
I_22729,1,isot_body_exact_duplicate
I_22730,1,isot_body_exact_duplicate
I_22731,1,isot_body_exact_duplicate
I_22732,1,isot_body_exact_duplicate
I_22733,1,isot_body_exact_duplicate
I_22734,1,isot_body_exact_duplicate
I_22735,1,isot_body_exact_duplicate
I_22736,1,isot_body_exact_duplicate
I_22737,1,isot_body_exact_duplicate
I_22738,1,isot_body_exact_duplicate
I_22739,1,isot_body_exact_duplicate
I_22740,1,isot_body_exact_duplicate
I_22741,1,isot_body_exact_duplicate
I_22742,1,isot_body_exact_duplicate
I_22743,1,isot_body_exact_duplicate
I_22744,1,isot_body_exact_duplicate
I_22745,1,isot_body_exact_duplicate
I_22746,1,isot_body_exact_duplicate
I_22747,1,isot_body_exact_duplicate
I_22748,1,isot_body_exact_duplicate
I_22749,1,isot_body_exact_duplicate
I_22750,1,isot_body_exact_duplicate
I_22751,1,isot_body_exact_duplicate
I_22752,1,isot_body_exact_duplicate
I_22753,1,isot_body_exact_duplicate
I_22754,1,isot_body_exact_duplicate
I_22755,1,isot_body_exact_duplicate
I_22756,1,isot_body_exact_duplicate
I_22757,1,isot_body_exact_duplicate
I_22758,1,isot_body_exact_duplicate
I_22759,1,isot_body_exact_duplicate
I_22760,1,isot_body_exact_duplicate
I_22761,1,isot_body_exact_duplicate
I_22762,1,isot_body_exact_duplicate
I_22763,1,isot_body_exact_duplicate
I_22764,1,isot_body_exact_duplicate
I_22765,1,isot_body_exact_duplicate
I_22766,1,isot_body_exact_duplicate
I_22767,1,isot_body_exact_duplicate
I_22768,1,isot_body_exact_duplicate
I_22769,1,isot_body_exact_duplicate
I_22770,1,isot_body_exact_duplicate
I_22771,1,isot_body_exact_duplicate
I_22772,1,isot_body_exact_duplicate
I_22773,1,isot_body_exact_duplicate
I_22774,1,isot_body_exact_duplicate
I_22775,1,isot_body_exact_duplicate
I_22776,1,isot_body_exact_duplicate
I_22777,1,isot_body_exact_duplicate
I_22778,1,isot_body_exact_duplicate
I_22779,1,isot_body_exact_duplicate
I_22780,1,isot_body_exact_duplicate
I_22781,1,isot_body_exact_duplicate
I_22782,1,isot_body_exact_duplicate
I_22783,1,isot_body_exact_duplicate
I_22784,1,isot_body_exact_duplicate
I_22785,1,isot_body_exact_duplicate
I_22786,1,isot_body_exact_duplicate
I_22787,1,isot_body_exact_duplicate
I_22788,1,isot_body_exact_duplicate
I_22789,1,isot_body_exact_duplicate
I_22790,1,isot_body_exact_duplicate
I_22791,1,isot_body_exact_duplicate
I_22792,1,isot_body_exact_duplicate
I_22793,1,isot_body_exact_duplicate
I_22794,1,isot_body_exact_duplicate
I_22795,1,isot_body_exact_duplicate
I_22796,1,isot_body_exact_duplicate
I_22797,1,isot_body_exact_duplicate
I_22798,1,isot_body_exact_duplicate
I_22799,1,isot_body_exact_duplicate
I_22800,1,isot_body_exact_duplicate
I_22801,1,isot_body_exact_duplicate
I_22802,1,isot_body_exact_duplicate
I_22803,1,isot_body_exact_duplicate
I_22804,1,isot_body_exact_duplicate
I_22805,1,isot_body_exact_duplicate
I_22806,1,isot_body_exact_duplicate
I_22807,1,isot_body_exact_duplicate
I_22808,1,isot_body_exact_duplicate
I_22809,1,isot_body_exact_duplicate
I_22810,1,isot_body_exact_duplicate
I_22811,1,isot_body_exact_duplicate
I_22812,1,isot_body_exact_duplicate
I_22813,1,isot_body_exact_duplicate
I_22814,1,isot_body_exact_duplicate
I_22815,1,isot_body_exact_duplicate
I_22816,1,isot_body_exact_duplicate
I_22817,1,isot_body_exact_duplicate
I_22818,1,isot_body_exact_duplicate
I_22819,1,isot_body_exact_duplicate
I_22820,1,isot_body_exact_duplicate
I_22821,1,isot_body_exact_duplicate
I_22822,1,isot_body_exact_duplicate
I_22823,1,isot_body_exact_duplicate
I_22824,1,isot_body_exact_duplicate
I_22825,1,isot_body_exact_duplicate
I_22826,1,isot_body_exact_duplicate
I_22827,1,isot_body_exact_duplicate
I_22828,1,isot_body_exact_duplicate
I_22829,1,isot_body_exact_duplicate
I_22830,1,isot_body_exact_duplicate
I_22831,1,isot_body_exact_duplicate
I_22832,1,isot_body_exact_duplicate
I_22833,1,isot_body_exact_duplicate
I_22834,1,isot_body_exact_duplicate
I_22835,1,isot_body_exact_duplicate
I_22836,1,isot_body_exact_duplicate
I_22837,1,isot_body_exact_duplicate
I_22838,1,isot_body_exact_duplicate
I_22839,1,isot_body_exact_duplicate
I_22840,1,isot_body_exact_duplicate
I_22841,1,isot_body_exact_duplicate
I_22842,1,isot_body_exact_duplicate
I_22843,1,isot_body_exact_duplicate
I_22844,1,isot_body_exact_duplicate
I_22845,1,isot_body_exact_duplicate
I_22846,1,isot_body_exact_duplicate
I_22847,1,isot_body_exact_duplicate
I_22848,1,isot_body_exact_duplicate
I_22849,1,isot_body_exact_duplicate
I_22850,1,isot_body_exact_duplicate
I_22851,1,isot_body_exact_duplicate
I_22852,1,isot_body_exact_duplicate
I_22853,1,isot_body_exact_duplicate
I_22854,1,isot_body_exact_duplicate
I_22855,1,isot_body_exact_duplicate
I_22856,1,isot_body_exact_duplicate
I_22857,1,isot_body_exact_duplicate
I_22858,1,isot_body_exact_duplicate
I_22859,1,isot_body_exact_duplicate
I_22860,1,isot_body_exact_duplicate
I_22861,1,isot_body_exact_duplicate
I_22862,1,isot_body_exact_duplicate
I_22863,1,isot_body_exact_duplicate
I_22864,1,isot_body_exact_duplicate
I_22865,1,isot_body_exact_duplicate
I_22866,1,isot_body_exact_duplicate
I_22867,1,isot_body_exact_duplicate
I_22868,1,isot_body_exact_duplicate
I_22869,1,isot_body_exact_duplicate
I_22870,1,isot_body_exact_duplicate
I_22871,1,isot_body_exact_duplicate
I_22872,1,isot_body_exact_duplicate
I_22873,1,isot_body_exact_duplicate
I_22874,1,isot_body_exact_duplicate
I_22875,1,isot_body_exact_duplicate
I_22876,1,isot_body_exact_duplicate
I_22877,1,isot_body_exact_duplicate
I_22878,1,isot_body_exact_duplicate
I_22879,1,isot_body_exact_duplicate
I_22880,1,isot_body_exact_duplicate
I_22881,1,isot_body_exact_duplicate
I_22882,1,isot_body_exact_duplicate
I_22883,1,isot_body_exact_duplicate
I_22884,1,isot_body_exact_duplicate
I_22885,1,isot_body_exact_duplicate
I_22886,1,isot_body_exact_duplicate
I_22887,1,isot_body_exact_duplicate
I_22888,1,isot_body_exact_duplicate
I_22889,1,isot_body_exact_duplicate
I_22890,1,isot_body_exact_duplicate
I_22891,1,isot_body_exact_duplicate
I_22892,1,isot_body_exact_duplicate
I_22893,1,isot_body_exact_duplicate
I_22894,1,isot_body_exact_duplicate
I_22895,1,isot_body_exact_duplicate
I_22896,1,isot_body_exact_duplicate
I_22897,1,isot_body_exact_duplicate
I_22898,1,isot_body_exact_duplicate
I_22899,1,isot_body_exact_duplicate
I_22900,1,isot_body_exact_duplicate
I_22901,1,isot_body_exact_duplicate
I_22902,1,isot_body_exact_duplicate
I_22903,1,isot_body_exact_duplicate
I_22904,1,isot_body_exact_duplicate
I_22905,1,isot_body_exact_duplicate
I_22906,1,isot_body_exact_duplicate
I_22907,1,isot_body_exact_duplicate
I_22908,1,isot_body_exact_duplicate
I_22909,1,isot_body_exact_duplicate
I_22910,1,isot_body_exact_duplicate
I_22911,1,isot_body_exact_duplicate
I_22912,1,isot_body_exact_duplicate
I_22913,1,isot_body_exact_duplicate
I_22914,1,isot_body_exact_duplicate
I_22915,1,isot_body_exact_duplicate
I_22916,1,isot_body_exact_duplicate
I_22917,1,isot_body_exact_duplicate
I_22918,1,isot_body_exact_duplicate
I_22919,1,isot_body_exact_duplicate
I_22920,1,isot_body_exact_duplicate
I_22921,1,isot_body_exact_duplicate
I_22922,1,isot_body_exact_duplicate
I_22923,1,isot_body_exact_duplicate
I_22924,1,isot_body_exact_duplicate
I_22925,1,isot_body_exact_duplicate
I_22926,1,isot_body_exact_duplicate
I_22927,1,isot_body_exact_duplicate
I_22928,1,isot_body_exact_duplicate
I_22929,1,isot_body_exact_duplicate
I_22930,1,isot_body_exact_duplicate
I_22931,1,isot_body_exact_duplicate
I_22932,1,isot_body_exact_duplicate
I_22933,1,isot_body_exact_duplicate
I_22934,1,isot_body_exact_duplicate
I_22935,1,isot_body_exact_duplicate
I_22936,1,isot_body_exact_duplicate
I_22937,1,isot_body_exact_duplicate
I_22938,1,isot_body_exact_duplicate
I_22939,1,isot_body_exact_duplicate
I_22940,1,isot_body_exact_duplicate
I_22941,1,isot_body_exact_duplicate
I_22942,1,isot_body_exact_duplicate
I_22943,1,isot_body_exact_duplicate
I_22944,1,isot_body_exact_duplicate
I_22945,1,isot_body_exact_duplicate
I_22946,1,isot_body_exact_duplicate
I_22947,1,isot_body_exact_duplicate
I_22948,1,isot_body_exact_duplicate
I_22949,1,isot_body_exact_duplicate
I_22950,1,isot_body_exact_duplicate
I_22951,1,isot_body_exact_duplicate
I_22952,1,isot_body_exact_duplicate
I_22953,1,isot_body_exact_duplicate
I_22954,1,isot_body_exact_duplicate
I_22955,1,isot_body_exact_duplicate
I_22956,1,isot_body_exact_duplicate
I_22957,1,isot_body_exact_duplicate
I_22958,1,isot_body_exact_duplicate
I_22959,1,isot_body_exact_duplicate
I_22960,1,isot_body_exact_duplicate
I_22961,1,isot_body_exact_duplicate
I_22962,1,isot_body_exact_duplicate
I_22963,1,isot_body_exact_duplicate
I_22964,1,isot_body_exact_duplicate
I_22965,1,isot_body_exact_duplicate
I_22966,1,isot_body_exact_duplicate
I_22967,1,isot_body_exact_duplicate
I_22968,1,isot_body_exact_duplicate
I_22969,1,isot_body_exact_duplicate
I_22970,1,isot_body_exact_duplicate
I_22971,1,isot_body_exact_duplicate
I_22972,1,isot_body_exact_duplicate
I_22973,1,isot_body_exact_duplicate
I_22974,1,isot_body_exact_duplicate
I_22975,1,isot_body_exact_duplicate
I_22976,1,isot_body_exact_duplicate
I_22977,1,isot_body_exact_duplicate
I_22978,1,isot_body_exact_duplicate
I_22979,1,isot_body_exact_duplicate
I_22980,1,isot_body_exact_duplicate
I_22981,1,isot_body_exact_duplicate
I_22982,1,isot_body_exact_duplicate
I_22983,1,isot_body_exact_duplicate
I_22984,1,isot_body_exact_duplicate
I_22985,1,isot_body_exact_duplicate
I_22986,1,isot_body_exact_duplicate
I_22987,1,isot_body_exact_duplicate
I_22988,1,isot_body_exact_duplicate
I_22989,1,isot_body_exact_duplicate
I_22990,1,isot_body_exact_duplicate
I_22991,1,isot_body_exact_duplicate
I_22992,1,isot_body_exact_duplicate
I_22993,1,isot_body_exact_duplicate
I_22994,1,isot_body_exact_duplicate
I_22995,1,isot_body_exact_duplicate
I_22996,1,isot_body_exact_duplicate
I_22997,1,isot_body_exact_duplicate
I_22998,1,isot_body_exact_duplicate
I_22999,1,isot_body_exact_duplicate
I_23000,1,isot_body_exact_duplicate
I_23001,1,isot_body_exact_duplicate
I_23002,1,isot_body_exact_duplicate
I_23003,1,isot_body_exact_duplicate
I_23004,1,isot_body_exact_duplicate
I_23005,1,isot_body_exact_duplicate
I_23006,1,isot_body_exact_duplicate
I_23007,1,isot_body_exact_duplicate
I_23008,1,isot_body_exact_duplicate
I_23009,1,isot_body_exact_duplicate
I_23010,1,isot_body_exact_duplicate
I_23011,1,isot_body_exact_duplicate
I_23012,1,isot_body_exact_duplicate
I_23013,1,isot_body_exact_duplicate
I_23014,1,isot_body_exact_duplicate
I_23015,1,isot_body_exact_duplicate
I_23016,1,isot_body_exact_duplicate
I_23017,1,isot_body_exact_duplicate
I_23018,1,isot_body_exact_duplicate
I_23019,1,isot_body_exact_duplicate
I_23020,1,isot_body_exact_duplicate
I_23021,1,isot_body_exact_duplicate
I_23022,1,isot_body_exact_duplicate
I_23023,1,isot_body_exact_duplicate
I_23024,1,isot_body_exact_duplicate
I_23025,1,isot_body_exact_duplicate
I_23026,1,isot_body_exact_duplicate
I_23027,1,isot_body_exact_duplicate
I_23028,1,isot_body_exact_duplicate
I_23029,1,isot_body_exact_duplicate
I_23030,1,isot_body_exact_duplicate
I_23031,1,isot_body_exact_duplicate
I_23032,1,isot_body_exact_duplicate
I_23033,1,isot_body_exact_duplicate
I_23034,1,isot_body_exact_duplicate
I_23035,1,isot_body_exact_duplicate
I_23036,1,isot_body_exact_duplicate
I_23037,1,isot_body_exact_duplicate
I_23038,1,isot_body_exact_duplicate
I_23039,1,isot_body_exact_duplicate
I_23040,1,isot_body_exact_duplicate
I_23041,1,isot_body_exact_duplicate
I_23042,1,isot_body_exact_duplicate
I_23043,1,isot_body_exact_duplicate
I_23044,1,isot_body_exact_duplicate
I_23045,1,isot_body_exact_duplicate
I_23046,1,isot_body_exact_duplicate
I_23047,1,isot_body_exact_duplicate
I_23048,1,isot_body_exact_duplicate
I_23049,1,isot_body_exact_duplicate
I_23050,1,isot_body_exact_duplicate
I_23051,1,isot_body_exact_duplicate
I_23052,1,isot_body_exact_duplicate
I_23053,1,isot_body_exact_duplicate
I_23054,1,isot_body_exact_duplicate
I_23055,1,isot_body_exact_duplicate
I_23056,1,isot_body_exact_duplicate
I_23057,1,isot_body_exact_duplicate
I_23058,1,isot_body_exact_duplicate
I_23059,1,isot_body_exact_duplicate
I_23060,1,isot_body_exact_duplicate
I_23061,1,isot_body_exact_duplicate
I_23062,1,isot_body_exact_duplicate
I_23063,1,isot_body_exact_duplicate
I_23064,1,isot_body_exact_duplicate
I_23065,1,isot_body_exact_duplicate
I_23066,1,isot_body_exact_duplicate
I_23067,1,isot_body_exact_duplicate
I_23068,1,isot_body_exact_duplicate
I_23069,1,isot_body_exact_duplicate
I_23070,1,isot_body_exact_duplicate
I_23071,1,isot_body_exact_duplicate
I_23072,1,isot_body_exact_duplicate
I_23073,1,isot_body_exact_duplicate
I_23074,1,isot_body_exact_duplicate
I_23075,1,isot_body_exact_duplicate
I_23076,1,isot_body_exact_duplicate
I_23077,1,isot_body_exact_duplicate
I_23078,1,isot_body_exact_duplicate
I_23079,1,isot_body_exact_duplicate
I_23080,1,isot_body_exact_duplicate
I_23081,1,isot_body_exact_duplicate
I_23082,1,isot_body_exact_duplicate
I_23083,1,isot_body_exact_duplicate
I_23084,1,isot_body_exact_duplicate
I_23085,1,isot_body_exact_duplicate
I_23086,1,isot_body_exact_duplicate
I_23087,1,isot_body_exact_duplicate
I_23088,1,isot_body_exact_duplicate
I_23089,1,isot_body_exact_duplicate
I_23090,1,isot_body_exact_duplicate
I_23091,1,isot_body_exact_duplicate
I_23092,1,isot_body_exact_duplicate
I_23093,1,isot_body_exact_duplicate
I_23094,1,isot_body_exact_duplicate
I_23095,1,isot_body_exact_duplicate
I_23096,1,isot_body_exact_duplicate
I_23097,1,isot_body_exact_duplicate
I_23098,1,isot_body_exact_duplicate
I_23099,1,isot_body_exact_duplicate
I_23100,1,isot_body_exact_duplicate
I_23101,1,isot_body_exact_duplicate
I_23102,1,isot_body_exact_duplicate
I_23103,1,isot_body_exact_duplicate
I_23104,1,isot_body_exact_duplicate
I_23105,1,isot_body_exact_duplicate
I_23106,1,isot_body_exact_duplicate
I_23107,1,isot_body_exact_duplicate
I_23108,1,isot_body_exact_duplicate
I_23109,1,isot_body_exact_duplicate
I_23110,1,isot_body_exact_duplicate
I_23111,1,isot_body_exact_duplicate
I_23112,1,isot_body_exact_duplicate
I_23113,1,isot_body_exact_duplicate
I_23114,1,isot_body_exact_duplicate
I_23115,1,isot_body_exact_duplicate
I_23116,1,isot_body_exact_duplicate
I_23117,1,isot_body_exact_duplicate
I_23118,1,isot_body_exact_duplicate
I_23119,1,isot_body_exact_duplicate
I_23120,1,isot_body_exact_duplicate
I_23121,1,isot_body_exact_duplicate
I_23122,1,isot_body_exact_duplicate
I_23123,1,isot_body_exact_duplicate
I_23124,1,isot_body_exact_duplicate
I_23125,1,isot_body_exact_duplicate
I_23126,1,isot_body_exact_duplicate
I_23127,1,isot_body_exact_duplicate
I_23128,1,isot_body_exact_duplicate
I_23129,1,isot_body_exact_duplicate
I_23130,1,isot_body_exact_duplicate
I_23131,1,isot_body_exact_duplicate
I_23132,1,isot_body_exact_duplicate
I_23133,1,isot_body_exact_duplicate
I_23134,1,isot_body_exact_duplicate
I_23135,1,isot_body_exact_duplicate
I_23136,1,isot_body_exact_duplicate
I_23137,1,isot_body_exact_duplicate
I_23138,1,isot_body_exact_duplicate
I_23139,1,isot_body_exact_duplicate
I_23140,1,isot_body_exact_duplicate
I_23141,1,isot_body_exact_duplicate
I_23142,1,isot_body_exact_duplicate
I_23143,1,isot_body_exact_duplicate
I_23144,1,isot_body_exact_duplicate
I_23145,1,isot_body_exact_duplicate
I_23146,1,isot_body_exact_duplicate
I_23147,1,isot_body_exact_duplicate
I_23148,1,isot_body_exact_duplicate
I_23149,1,isot_body_exact_duplicate
I_23150,1,isot_body_exact_duplicate
I_23151,1,isot_body_exact_duplicate
I_23152,1,isot_body_exact_duplicate
I_23153,1,isot_body_exact_duplicate
I_23154,1,isot_body_exact_duplicate
I_23155,1,isot_body_exact_duplicate
I_23156,1,isot_body_exact_duplicate
I_23157,1,isot_body_exact_duplicate
I_23158,1,isot_body_exact_duplicate
I_23159,1,isot_body_exact_duplicate
I_23160,1,isot_body_exact_duplicate
I_23161,1,isot_body_exact_duplicate
I_23162,1,isot_body_exact_duplicate
I_23163,1,isot_body_exact_duplicate
I_23164,1,isot_body_exact_duplicate
I_23165,1,isot_body_exact_duplicate
I_23166,1,isot_body_exact_duplicate
I_23167,1,isot_body_exact_duplicate
I_23168,1,isot_body_exact_duplicate
I_23169,1,isot_body_exact_duplicate
I_23170,1,isot_body_exact_duplicate
I_23171,1,isot_body_exact_duplicate
I_23172,1,isot_body_exact_duplicate
I_23173,1,isot_body_exact_duplicate
I_23174,1,isot_body_exact_duplicate
I_23175,1,isot_body_exact_duplicate
I_23176,1,isot_body_exact_duplicate
I_23177,1,isot_body_exact_duplicate
I_23178,1,isot_body_exact_duplicate
I_23179,1,isot_body_exact_duplicate
I_23180,1,isot_body_exact_duplicate
I_23181,1,isot_body_exact_duplicate
I_23182,1,isot_body_exact_duplicate
I_23183,1,isot_body_exact_duplicate
I_23184,1,isot_body_exact_duplicate
I_23185,1,isot_body_exact_duplicate
I_23186,1,isot_body_exact_duplicate
I_23187,1,isot_body_exact_duplicate
I_23188,1,isot_body_exact_duplicate
I_23189,1,isot_body_exact_duplicate
I_23190,1,isot_body_exact_duplicate
I_23191,1,isot_body_exact_duplicate
I_23192,1,isot_body_exact_duplicate
I_23193,1,isot_body_exact_duplicate
I_23194,1,isot_body_exact_duplicate
I_23195,1,isot_body_exact_duplicate
I_23196,1,isot_body_exact_duplicate
I_23197,1,isot_body_exact_duplicate
I_23198,1,isot_body_exact_duplicate
I_23199,1,isot_body_exact_duplicate
I_23200,1,isot_body_exact_duplicate
I_23201,1,isot_body_exact_duplicate
I_23202,1,isot_body_exact_duplicate
I_23203,1,isot_body_exact_duplicate
I_23204,1,isot_body_exact_duplicate
I_23205,1,isot_body_exact_duplicate
I_23206,1,isot_body_exact_duplicate
I_23207,1,isot_body_exact_duplicate
I_23208,1,isot_body_exact_duplicate
I_23209,1,isot_body_exact_duplicate
I_23210,1,isot_body_exact_duplicate
I_23211,1,isot_body_exact_duplicate
I_23212,1,isot_body_exact_duplicate
I_23213,1,isot_body_exact_duplicate
I_23214,1,isot_body_exact_duplicate
I_23215,1,isot_body_exact_duplicate
I_23216,1,isot_body_exact_duplicate
I_23217,1,isot_body_exact_duplicate
I_23218,1,isot_body_exact_duplicate
I_23219,1,isot_body_exact_duplicate
I_23220,1,isot_body_exact_duplicate
I_23221,1,isot_body_exact_duplicate
I_23222,1,isot_body_exact_duplicate
I_23223,1,isot_body_exact_duplicate
I_23224,1,isot_body_exact_duplicate
I_23225,1,isot_body_exact_duplicate
I_23226,1,isot_body_exact_duplicate
I_23227,1,isot_body_exact_duplicate
I_23228,1,isot_body_exact_duplicate
I_23229,1,isot_body_exact_duplicate
I_23230,1,isot_body_exact_duplicate
I_23231,1,isot_body_exact_duplicate
I_23232,1,isot_body_exact_duplicate
I_23233,1,isot_body_exact_duplicate
I_23234,1,isot_body_exact_duplicate
I_23235,1,isot_body_exact_duplicate
I_23236,1,isot_body_exact_duplicate
I_23237,1,isot_body_exact_duplicate
I_23238,1,isot_body_exact_duplicate
I_23239,1,isot_body_exact_duplicate
I_23240,1,isot_body_exact_duplicate
I_23241,1,isot_body_exact_duplicate
I_23242,1,isot_body_exact_duplicate
I_23243,1,isot_body_exact_duplicate
I_23244,1,isot_body_exact_duplicate
I_23245,1,isot_body_exact_duplicate
I_23246,1,isot_body_exact_duplicate
I_23247,1,isot_body_exact_duplicate
I_23248,1,isot_body_exact_duplicate
I_23249,1,isot_body_exact_duplicate
I_23250,1,isot_body_exact_duplicate
I_23251,1,isot_body_exact_duplicate
I_23252,1,isot_body_exact_duplicate
I_23253,1,isot_body_exact_duplicate
I_23254,1,isot_body_exact_duplicate
I_23255,1,isot_body_exact_duplicate
I_23256,1,isot_body_exact_duplicate
I_23257,1,isot_body_exact_duplicate
I_23258,1,isot_body_exact_duplicate
I_23259,1,isot_body_exact_duplicate
I_23260,1,isot_body_exact_duplicate
I_23261,1,isot_body_exact_duplicate
I_23262,1,isot_body_exact_duplicate
I_23263,1,isot_body_exact_duplicate
I_23264,1,isot_body_exact_duplicate
I_23265,1,isot_body_exact_duplicate
I_23266,1,isot_body_exact_duplicate
I_23267,1,isot_body_exact_duplicate
I_23268,1,isot_body_exact_duplicate
I_23269,1,isot_body_exact_duplicate
I_23270,1,isot_body_exact_duplicate
I_23271,1,isot_body_exact_duplicate
I_23272,1,isot_body_exact_duplicate
I_23273,1,isot_body_exact_duplicate
I_23274,1,isot_body_exact_duplicate
I_23275,1,isot_body_exact_duplicate
I_23276,1,isot_body_exact_duplicate
I_23277,1,isot_body_exact_duplicate
I_23278,1,isot_body_exact_duplicate
I_23279,1,isot_body_exact_duplicate
I_23280,1,isot_body_exact_duplicate
I_23281,1,isot_body_exact_duplicate
I_23282,1,isot_body_exact_duplicate
I_23283,1,isot_body_exact_duplicate
I_23284,1,isot_body_exact_duplicate
I_23285,1,isot_body_exact_duplicate
I_23286,1,isot_body_exact_duplicate
I_23287,1,isot_body_exact_duplicate
I_23288,1,isot_body_exact_duplicate
I_23289,1,isot_body_exact_duplicate
I_23290,1,isot_body_exact_duplicate
I_23291,1,isot_body_exact_duplicate
I_23292,1,isot_body_exact_duplicate
I_23293,1,isot_body_exact_duplicate
I_23294,1,isot_body_exact_duplicate
I_23295,1,isot_body_exact_duplicate
I_23296,1,isot_body_exact_duplicate
I_23297,1,isot_body_exact_duplicate
I_23298,1,isot_body_exact_duplicate
I_23299,1,isot_body_exact_duplicate
I_23300,1,isot_body_exact_duplicate
I_23301,1,isot_body_exact_duplicate
I_23302,1,isot_body_exact_duplicate
I_23303,1,isot_body_exact_duplicate
I_23304,1,isot_body_exact_duplicate
I_23305,1,isot_body_exact_duplicate
I_23306,1,isot_body_exact_duplicate
I_23307,1,isot_body_exact_duplicate
I_23308,1,isot_body_exact_duplicate
I_23309,1,isot_body_exact_duplicate
I_23310,1,isot_body_exact_duplicate
I_23311,1,isot_body_exact_duplicate
I_23312,1,isot_body_exact_duplicate
I_23313,1,isot_body_exact_duplicate
I_23314,1,isot_body_exact_duplicate
I_23315,1,isot_body_exact_duplicate
I_23316,1,isot_body_exact_duplicate
I_23317,1,isot_body_exact_duplicate
I_23318,1,isot_body_exact_duplicate
I_23319,1,isot_body_exact_duplicate
I_23320,1,isot_body_exact_duplicate
I_23321,1,isot_body_exact_duplicate
I_23322,1,isot_body_exact_duplicate
I_23323,1,isot_body_exact_duplicate
I_23324,1,isot_body_exact_duplicate
I_23325,1,isot_body_exact_duplicate
I_23326,1,isot_body_exact_duplicate
I_23327,1,isot_body_exact_duplicate
I_23328,1,isot_body_exact_duplicate
I_23329,1,isot_body_exact_duplicate
I_23330,1,isot_body_exact_duplicate
I_23331,1,isot_body_exact_duplicate
I_23332,1,isot_body_exact_duplicate
I_23333,1,isot_body_exact_duplicate
I_23334,1,isot_body_exact_duplicate
I_23335,1,isot_body_exact_duplicate
I_23336,1,isot_body_exact_duplicate
I_23337,1,isot_body_exact_duplicate
I_23338,1,isot_body_exact_duplicate
I_23339,1,isot_body_exact_duplicate
I_23340,1,isot_body_exact_duplicate
I_23341,1,isot_body_exact_duplicate
I_23342,1,isot_body_exact_duplicate
I_23343,1,isot_body_exact_duplicate
I_23344,1,isot_body_exact_duplicate
I_23345,1,isot_body_exact_duplicate
I_23346,1,isot_body_exact_duplicate
I_23347,1,isot_body_exact_duplicate
I_23348,1,isot_body_exact_duplicate
I_23349,1,isot_body_exact_duplicate
I_23350,1,isot_body_exact_duplicate
I_23351,1,isot_body_exact_duplicate
I_23352,1,isot_body_exact_duplicate
I_23353,1,isot_body_exact_duplicate
I_23354,1,isot_body_exact_duplicate
I_23355,1,isot_body_exact_duplicate
I_23356,1,isot_body_exact_duplicate
I_23357,1,isot_body_exact_duplicate
I_23358,1,isot_body_exact_duplicate
I_23359,1,isot_body_exact_duplicate
I_23360,1,isot_body_exact_duplicate
I_23361,1,isot_body_exact_duplicate
I_23362,1,isot_body_exact_duplicate
I_23363,1,isot_body_exact_duplicate
I_23364,1,isot_body_exact_duplicate
I_23365,1,isot_body_exact_duplicate
I_23366,1,isot_body_exact_duplicate
I_23367,1,isot_body_exact_duplicate
I_23368,1,isot_body_exact_duplicate
I_23369,1,isot_body_exact_duplicate
I_23370,1,isot_body_exact_duplicate
I_23371,1,isot_body_exact_duplicate
I_23372,1,isot_body_exact_duplicate
I_23373,1,isot_body_exact_duplicate
I_23374,1,isot_body_exact_duplicate
I_23375,1,isot_body_exact_duplicate
I_23376,1,isot_body_exact_duplicate
I_23377,1,isot_body_exact_duplicate
I_23378,1,isot_body_exact_duplicate
I_23379,1,isot_body_exact_duplicate
I_23380,1,isot_body_exact_duplicate
I_23381,1,isot_body_exact_duplicate
I_23382,1,isot_body_exact_duplicate
I_23383,1,isot_body_exact_duplicate
I_23384,1,isot_body_exact_duplicate
I_23385,1,isot_body_exact_duplicate
I_23386,1,isot_body_exact_duplicate
I_23387,1,isot_body_exact_duplicate
I_23388,1,isot_body_exact_duplicate
I_23389,1,isot_body_exact_duplicate
I_23390,1,isot_body_exact_duplicate
I_23391,1,isot_body_exact_duplicate
I_23392,1,isot_body_exact_duplicate
I_23393,1,isot_body_exact_duplicate
I_23394,1,isot_body_exact_duplicate
I_23395,1,isot_body_exact_duplicate
I_23396,1,isot_body_exact_duplicate
I_23397,1,isot_body_exact_duplicate
I_23398,1,isot_body_exact_duplicate
I_23399,1,isot_body_exact_duplicate
I_23400,1,isot_body_exact_duplicate
I_23401,1,isot_body_exact_duplicate
I_23402,1,isot_body_exact_duplicate
I_23403,1,isot_body_exact_duplicate
I_23404,1,isot_body_exact_duplicate
I_23405,1,isot_body_exact_duplicate
I_23406,1,isot_body_exact_duplicate
I_23407,1,isot_body_exact_duplicate
I_23408,1,isot_body_exact_duplicate
I_23409,1,isot_body_exact_duplicate
I_23410,1,isot_body_exact_duplicate
I_23411,1,isot_body_exact_duplicate
I_23412,1,isot_body_exact_duplicate
I_23413,1,isot_body_exact_duplicate
I_23414,1,isot_body_exact_duplicate
I_23415,1,isot_body_exact_duplicate
I_23416,1,isot_body_exact_duplicate
I_23417,1,isot_body_exact_duplicate
I_23418,1,isot_body_exact_duplicate
I_23419,1,isot_body_exact_duplicate
I_23420,1,isot_body_exact_duplicate
I_23421,1,isot_body_exact_duplicate
I_23422,1,isot_body_exact_duplicate
I_23423,1,isot_body_exact_duplicate
I_23424,1,isot_body_exact_duplicate
I_23425,1,isot_body_exact_duplicate
I_23426,1,isot_body_exact_duplicate
I_23427,1,isot_body_exact_duplicate
I_23428,1,isot_body_exact_duplicate
I_23429,1,isot_body_exact_duplicate
I_23430,1,isot_body_exact_duplicate
I_23431,1,isot_body_exact_duplicate
I_23432,1,isot_body_exact_duplicate
I_23433,1,isot_body_exact_duplicate
I_23434,1,isot_body_exact_duplicate
I_23435,1,isot_body_exact_duplicate
I_23436,1,isot_body_exact_duplicate
I_23437,1,isot_body_exact_duplicate
I_23438,1,isot_body_exact_duplicate
I_23439,1,isot_body_exact_duplicate
I_23440,1,isot_body_exact_duplicate
I_23441,1,isot_body_exact_duplicate
I_23442,1,isot_body_exact_duplicate
I_23443,1,isot_body_exact_duplicate
I_23444,1,isot_body_exact_duplicate
I_23445,1,isot_body_exact_duplicate
I_23446,1,isot_body_exact_duplicate
I_23447,1,isot_body_exact_duplicate
I_23448,1,isot_body_exact_duplicate
I_23449,1,isot_body_exact_duplicate
I_23450,1,isot_body_exact_duplicate
I_23451,1,isot_body_exact_duplicate
I_23452,1,isot_body_exact_duplicate
I_23453,1,isot_body_exact_duplicate
I_23454,1,isot_body_exact_duplicate
I_23455,1,isot_body_exact_duplicate
I_23456,1,isot_body_exact_duplicate
I_23457,1,isot_body_exact_duplicate
I_23458,1,isot_body_exact_duplicate
I_23459,1,isot_body_exact_duplicate
I_23460,1,isot_body_exact_duplicate
I_23461,1,isot_body_exact_duplicate
I_23462,1,isot_body_exact_duplicate
I_23463,1,isot_body_exact_duplicate
I_23464,1,isot_body_exact_duplicate
I_23465,1,isot_body_exact_duplicate
I_23466,1,isot_body_exact_duplicate
I_23467,1,isot_body_exact_duplicate
I_23468,1,isot_body_exact_duplicate
I_23469,1,isot_body_exact_duplicate
I_23470,1,isot_body_exact_duplicate
I_23471,1,isot_body_exact_duplicate
I_23472,1,isot_body_exact_duplicate
I_23473,1,isot_body_exact_duplicate
I_23474,1,isot_body_exact_duplicate
I_23475,1,isot_body_exact_duplicate
I_23476,1,isot_body_exact_duplicate
I_23477,1,isot_body_exact_duplicate
I_23478,1,isot_body_exact_duplicate
I_23479,1,isot_body_exact_duplicate
I_23480,1,isot_body_exact_duplicate
I_23647,0,isot_body_exact_duplicate
I_23731,0,isot_body_exact_duplicate
I_23926,0,isot_body_exact_duplicate
I_24259,0,isot_body_exact_duplicate
I_24373,0,isot_body_exact_duplicate
I_24377,0,isot_body_exact_duplicate
I_24455,0,isot_body_exact_duplicate
I_24836,0,isot_body_exact_duplicate
I_24952,0,isot_body_exact_duplicate
I_24956,0,isot_body_exact_duplicate
I_25033,0,isot_body_exact_duplicate
I_25322,0,isot_body_exact_duplicate
I_25475,0,isot_body_exact_duplicate
I_25630,0,isot_body_exact_duplicate
I_26228,0,isot_body_exact_duplicate
I_26311,0,isot_body_exact_duplicate
I_26732,0,isot_body_exact_duplicate
I_27370,0,isot_body_exact_duplicate
I_27514,0,isot_body_exact_duplicate
I_27563,0,isot_body_exact_duplicate
I_27577,0,isot_body_exact_duplicate
I_27630,0,isot_body_exact_duplicate
I_27657,0,isot_body_exact_duplicate
I_27683,0,isot_body_exact_duplicate
I_27708,0,isot_body_exact_duplicate
I_27747,0,isot_body_exact_duplicate
I_27781,0,isot_body_exact_duplicate
I_27823,0,isot_body_exact_duplicate
I_27894,0,isot_body_exact_duplicate
I_27920,0,isot_body_exact_duplicate
I_27924,0,isot_body_exact_duplicate
I_27949,0,isot_body_exact_duplicate
I_27988,0,isot_body_exact_duplicate
I_28046,0,isot_body_exact_duplicate
I_28083,0,isot_body_exact_duplicate
I_28104,0,isot_body_exact_duplicate
I_28132,0,isot_body_exact_duplicate
I_28254,0,isot_body_exact_duplicate
I_28289,0,isot_body_exact_duplicate
I_28849,0,isot_body_exact_duplicate
I_29053,0,isot_body_exact_duplicate
I_30338,0,isot_body_exact_duplicate
I_30378,0,isot_body_exact_duplicate
I_30450,0,isot_body_exact_duplicate
I_30826,0,isot_body_exact_duplicate
I_30939,0,isot_body_exact_duplicate
I_31136,0,isot_body_exact_duplicate
I_31280,0,isot_body_exact_duplicate
I_31788,0,isot_body_exact_duplicate
I_31986,0,isot_body_exact_duplicate
I_32127,0,isot_body_exact_duplicate
I_32494,0,isot_body_exact_duplicate
I_33958,0,isot_body_exact_duplicate
I_34195,0,isot_body_exact_duplicate
I_34199,0,isot_body_exact_duplicate
I_34292,0,isot_body_exact_duplicate
I_34433,0,isot_body_exact_duplicate
I_34709,0,isot_body_exact_duplicate
I_34727,0,isot_body_exact_duplicate
I_34763,0,isot_body_exact_duplicate
I_34764,0,isot_body_exact_duplicate
I_34765,0,isot_body_exact_duplicate
I_34766,0,isot_body_exact_duplicate
I_34767,0,isot_body_exact_duplicate
I_34768,0,isot_body_exact_duplicate
I_34769,0,isot_body_exact_duplicate
I_34770,0,isot_body_exact_duplicate
I_34771,0,isot_body_exact_duplicate
I_34772,0,isot_body_exact_duplicate
I_34796,0,isot_body_exact_duplicate
I_34821,0,isot_body_exact_duplicate
I_34969,0,isot_body_exact_duplicate
I_34994,0,isot_body_exact_duplicate
I_35104,0,isot_body_exact_duplicate
I_35214,0,isot_body_exact_duplicate
I_35215,0,isot_body_exact_duplicate
I_35216,0,isot_body_exact_duplicate
I_35217,0,isot_body_exact_duplicate
I_35218,0,isot_body_exact_duplicate
I_35219,0,isot_body_exact_duplicate
I_35220,0,isot_body_exact_duplicate
I_35221,0,isot_body_exact_duplicate
I_35222,0,isot_body_exact_duplicate
I_35223,0,isot_body_exact_duplicate
I_35224,0,isot_body_exact_duplicate
I_35225,0,isot_body_exact_duplicate
I_35226,0,isot_body_exact_duplicate
I_35227,0,isot_body_exact_duplicate
I_35228,0,isot_body_exact_duplicate
I_35229,0,isot_body_exact_duplicate
I_35230,0,isot_body_exact_duplicate
I_35231,0,isot_body_exact_duplicate
I_35232,0,isot_body_exact_duplicate
I_35233,0,isot_body_exact_duplicate
I_35234,0,isot_body_exact_duplicate
I_35235,0,isot_body_exact_duplicate
I_35236,0,isot_body_exact_duplicate
I_35237,0,isot_body_exact_duplicate
I_35238,0,isot_body_exact_duplicate
I_35239,0,isot_body_exact_duplicate
I_35240,0,isot_body_exact_duplicate
I_35241,0,isot_body_exact_duplicate
I_35242,0,isot_body_exact_duplicate
I_35243,0,isot_body_exact_duplicate
I_35244,0,isot_body_exact_duplicate
I_35245,0,isot_body_exact_duplicate
I_35246,0,isot_body_exact_duplicate
I_35247,0,isot_body_exact_duplicate
I_35248,0,isot_body_exact_duplicate
I_35249,0,isot_body_exact_duplicate
I_35250,0,isot_body_exact_duplicate
I_35251,0,isot_body_exact_duplicate
I_35252,0,isot_body_exact_duplicate
I_35253,0,isot_body_exact_duplicate
I_35254,0,isot_body_exact_duplicate
I_35255,0,isot_body_exact_duplicate
I_35256,0,isot_body_exact_duplicate
I_35257,0,isot_body_exact_duplicate
I_35258,0,isot_body_exact_duplicate
I_35259,0,isot_body_exact_duplicate
I_35260,0,isot_body_exact_duplicate
I_35261,0,isot_body_exact_duplicate
I_35262,0,isot_body_exact_duplicate
I_35263,0,isot_body_exact_duplicate
I_35264,0,isot_body_exact_duplicate
I_35265,0,isot_body_exact_duplicate
I_35266,0,isot_body_exact_duplicate
I_35267,0,isot_body_exact_duplicate
I_35268,0,isot_body_exact_duplicate
I_35269,0,isot_body_exact_duplicate
I_35270,0,isot_body_exact_duplicate
I_35271,0,isot_body_exact_duplicate
I_35272,0,isot_body_exact_duplicate
I_35273,0,isot_body_exact_duplicate
I_35274,0,isot_body_exact_duplicate
I_35275,0,isot_body_exact_duplicate
I_35276,0,isot_body_exact_duplicate
I_35277,0,isot_body_exact_duplicate
I_35278,0,isot_body_exact_duplicate
I_35279,0,isot_body_exact_duplicate
I_35280,0,isot_body_exact_duplicate
I_35281,0,isot_body_exact_duplicate
I_35282,0,isot_body_exact_duplicate
I_35283,0,isot_body_exact_duplicate
I_35284,0,isot_body_exact_duplicate
I_35285,0,isot_body_exact_duplicate
I_35286,0,isot_body_exact_duplicate
I_35287,0,isot_body_exact_duplicate
I_35288,0,isot_body_exact_duplicate
I_35289,0,isot_body_exact_duplicate
I_35290,0,isot_body_exact_duplicate
I_35291,0,isot_body_exact_duplicate
I_35292,0,isot_body_exact_duplicate
I_35293,0,isot_body_exact_duplicate
I_35294,0,isot_body_exact_duplicate
I_35295,0,isot_body_exact_duplicate
I_35296,0,isot_body_exact_duplicate
I_35297,0,isot_body_exact_duplicate
I_35298,0,isot_body_exact_duplicate
I_35299,0,isot_body_exact_duplicate
I_35300,0,isot_body_exact_duplicate
I_35301,0,isot_body_exact_duplicate
I_35302,0,isot_body_exact_duplicate
I_35303,0,isot_body_exact_duplicate
I_35304,0,isot_body_exact_duplicate
I_35305,0,isot_body_exact_duplicate
I_35306,0,isot_body_exact_duplicate
I_35307,0,isot_body_exact_duplicate
I_35308,0,isot_body_exact_duplicate
I_35309,0,isot_body_exact_duplicate
I_35323,0,isot_body_exact_duplicate
I_35453,0,isot_body_exact_duplicate
I_35504,0,isot_body_exact_duplicate
I_35530,0,isot_body_exact_duplicate
I_35637,0,isot_body_exact_duplicate
I_35790,0,isot_body_exact_duplicate
I_35841,0,isot_body_exact_duplicate
I_35976,0,isot_body_exact_duplicate
I_35992,0,isot_body_exact_duplicate
I_36225,0,isot_body_exact_duplicate
I_36293,0,isot_body_exact_duplicate
I_36548,0,isot_body_exact_duplicate
I_36591,0,isot_body_exact_duplicate
I_36594,0,isot_body_exact_duplicate
I_36603,0,isot_body_exact_duplicate
I_36632,0,isot_body_exact_duplicate
I_36645,0,isot_body_exact_duplicate
I_36649,0,isot_body_exact_duplicate
I_36693,0,isot_body_exact_duplicate
I_36712,0,isot_body_exact_duplicate
I_36732,0,isot_body_exact_duplicate
I_36788,0,isot_body_exact_duplicate
I_36813,0,isot_body_exact_duplicate
I_36856,0,isot_body_exact_duplicate
I_36869,0,isot_body_exact_duplicate
I_36920,0,isot_body_exact_duplicate
I_36921,0,isot_body_exact_duplicate
I_36933,0,isot_body_exact_duplicate
I_36944,0,isot_body_exact_duplicate
I_36957,0,isot_body_exact_duplicate
I_36958,0,isot_body_exact_duplicate
I_36966,0,isot_body_exact_duplicate
I_36974,0,isot_body_exact_duplicate
I_36984,0,isot_body_exact_duplicate
I_36992,0,isot_body_exact_duplicate
I_37039,0,isot_body_exact_duplicate
I_37055,0,isot_body_exact_duplicate
I_37094,0,isot_body_exact_duplicate
I_37404,0,isot_body_exact_duplicate
I_37592,0,isot_body_exact_duplicate
I_37620,0,isot_body_exact_duplicate
I_37696,0,isot_body_exact_duplicate
I_37725,0,isot_body_exact_duplicate
I_37743,0,isot_body_exact_duplicate
I_37753,0,isot_body_exact_duplicate
I_37756,0,isot_body_exact_duplicate
I_37770,0,isot_body_exact_duplicate
I_37954,0,isot_body_exact_duplicate
I_38117,0,isot_body_exact_duplicate
I_38168,0,isot_body_exact_duplicate
I_38319,0,isot_body_exact_duplicate
I_38335,0,isot_body_exact_duplicate
I_38377,0,isot_body_exact_duplicate
I_38418,0,isot_body_exact_duplicate
I_38436,0,isot_body_exact_duplicate
I_38499,0,isot_body_exact_duplicate
I_38500,0,isot_body_exact_duplicate
I_38507,0,isot_body_exact_duplicate
I_38510,0,isot_body_exact_duplicate
I_38512,0,isot_body_exact_duplicate
I_38513,0,isot_body_exact_duplicate
I_38521,0,isot_body_exact_duplicate
I_38522,0,isot_body_exact_duplicate
I_38524,0,isot_body_exact_duplicate
I_38532,0,isot_body_exact_duplicate
I_38539,0,isot_body_exact_duplicate
I_38596,0,isot_body_exact_duplicate
I_38653,0,isot_body_exact_duplicate
I_38654,0,isot_body_exact_duplicate
I_38664,0,isot_body_exact_duplicate
I_38692,0,isot_body_exact_duplicate
I_38706,0,isot_body_exact_duplicate
I_38709,0,isot_body_exact_duplicate
I_38743,0,isot_body_exact_duplicate
I_38747,0,isot_body_exact_duplicate
I_38748,0,isot_body_exact_duplicate
I_38758,0,isot_body_exact_duplicate
I_38766,0,isot_body_exact_duplicate
I_38767,0,isot_body_exact_duplicate
I_38773,0,isot_body_exact_duplicate
I_38774,0,isot_body_exact_duplicate
I_38776,0,isot_body_exact_duplicate
I_38781,0,isot_body_exact_duplicate
I_38784,0,isot_body_exact_duplicate
I_38785,0,isot_body_exact_duplicate
I_38788,0,isot_body_exact_duplicate
I_38791,0,isot_body_exact_duplicate
I_38794,0,isot_body_exact_duplicate
I_38795,0,isot_body_exact_duplicate
I_38798,0,isot_body_exact_duplicate
I_38827,0,isot_body_exact_duplicate
I_38851,0,isot_body_exact_duplicate
I_38852,0,isot_body_exact_duplicate
I_38884,0,isot_body_exact_duplicate
I_38885,0,isot_body_exact_duplicate
I_38890,0,isot_body_exact_duplicate
I_38894,0,isot_body_exact_duplicate
I_38895,0,isot_body_exact_duplicate
I_38902,0,isot_body_exact_duplicate
I_38903,0,isot_body_exact_duplicate
I_38904,0,isot_body_exact_duplicate
I_38941,0,isot_body_exact_duplicate
I_38976,0,isot_body_exact_duplicate
I_39015,0,isot_body_exact_duplicate
I_39071,0,isot_body_exact_duplicate
I_39087,0,isot_body_exact_duplicate
I_39088,0,isot_body_exact_duplicate
I_39091,0,isot_body_exact_duplicate
I_39092,0,isot_body_exact_duplicate
I_39200,0,isot_body_exact_duplicate
I_39205,0,isot_body_exact_duplicate
I_39213,0,isot_body_exact_duplicate
I_39242,0,isot_body_exact_duplicate
I_39253,0,isot_body_exact_duplicate
I_39254,0,isot_body_exact_duplicate
I_39270,0,isot_body_exact_duplicate
I_39271,0,isot_body_exact_duplicate
I_39273,0,isot_body_exact_duplicate
I_39277,0,isot_body_exact_duplicate
I_39282,0,isot_body_exact_duplicate
I_39291,0,isot_body_exact_duplicate
I_39338,0,isot_body_exact_duplicate
I_39370,0,isot_body_exact_duplicate
I_39383,0,isot_body_exact_duplicate
I_39491,0,isot_body_exact_duplicate
I_39591,0,isot_body_exact_duplicate
I_39607,0,isot_body_exact_duplicate
I_39739,0,isot_body_exact_duplicate
I_39815,0,isot_body_exact_duplicate
I_39834,0,isot_body_exact_duplicate
I_39837,0,isot_body_exact_duplicate
I_39838,0,isot_body_exact_duplicate
I_39839,0,isot_body_exact_duplicate
I_39842,0,isot_body_exact_duplicate
I_39872,0,isot_body_exact_duplicate
I_39881,0,isot_body_exact_duplicate
I_39955,0,isot_body_exact_duplicate
I_39956,0,isot_body_exact_duplicate
I_39958,0,isot_body_exact_duplicate
I_39963,0,isot_body_exact_duplicate
I_40035,0,isot_body_exact_duplicate
I_40041,0,isot_body_exact_duplicate
I_40063,0,isot_body_exact_duplicate
I_40075,0,isot_body_exact_duplicate
I_40078,0,isot_body_exact_duplicate
I_40111,0,isot_body_exact_duplicate
I_40145,0,isot_body_exact_duplicate
I_40178,0,isot_body_exact_duplicate
I_40294,0,isot_body_exact_duplicate
I_40364,0,isot_body_exact_duplicate
I_40422,0,isot_body_exact_duplicate
I_40475,0,isot_body_exact_duplicate
I_40508,0,isot_body_exact_duplicate
I_40550,0,isot_body_exact_duplicate
I_40563,0,isot_body_exact_duplicate
I_40565,0,isot_body_exact_duplicate
I_40573,0,isot_body_exact_duplicate
I_40679,0,isot_body_exact_duplicate
I_40680,0,isot_body_exact_duplicate
I_40681,0,isot_body_exact_duplicate
I_40683,0,isot_body_exact_duplicate
I_40774,0,isot_body_exact_duplicate
I_40783,0,isot_body_exact_duplicate
I_40784,0,isot_body_exact_duplicate
I_40887,0,isot_body_exact_duplicate
I_40903,0,isot_body_exact_duplicate
I_40904,0,isot_body_exact_duplicate
I_40906,0,isot_body_exact_duplicate
I_40918,0,isot_body_exact_duplicate
I_40925,0,isot_body_exact_duplicate
I_40949,0,isot_body_exact_duplicate
I_40950,0,isot_body_exact_duplicate
I_40979,0,isot_body_exact_duplicate
I_40980,0,isot_body_exact_duplicate
I_40982,0,isot_body_exact_duplicate
I_40988,0,isot_body_exact_duplicate
I_40989,0,isot_body_exact_duplicate
I_40990,0,isot_body_exact_duplicate
I_40991,0,isot_body_exact_duplicate
I_40994,0,isot_body_exact_duplicate
I_40995,0,isot_body_exact_duplicate
I_40996,0,isot_body_exact_duplicate
I_40998,0,isot_body_exact_duplicate
I_41000,0,isot_body_exact_duplicate
I_41004,0,isot_body_exact_duplicate
I_41005,0,isot_body_exact_duplicate
I_41008,0,isot_body_exact_duplicate
I_41009,0,isot_body_exact_duplicate
I_41010,0,isot_body_exact_duplicate
I_41011,0,isot_body_exact_duplicate
I_41013,0,isot_body_exact_duplicate
I_41015,0,isot_body_exact_duplicate
I_41016,0,isot_body_exact_duplicate
I_41025,0,isot_body_exact_duplicate
I_41026,0,isot_body_exact_duplicate
I_41031,0,isot_body_exact_duplicate
I_41034,0,isot_body_exact_duplicate
I_41075,0,isot_body_exact_duplicate
I_41145,0,isot_body_exact_duplicate
I_41191,0,isot_body_exact_duplicate
I_41218,0,isot_body_exact_duplicate
I_41224,0,isot_body_exact_duplicate
I_41279,0,isot_body_exact_duplicate
I_41311,0,isot_body_exact_duplicate
I_41345,0,isot_body_exact_duplicate
I_41362,0,isot_body_exact_duplicate
I_41412,0,isot_body_exact_duplicate
I_41418,0,isot_body_exact_duplicate
I_41420,0,isot_body_exact_duplicate
I_41442,0,isot_body_exact_duplicate
I_41457,0,isot_body_exact_duplicate
I_41461,0,isot_body_exact_duplicate
I_41482,0,isot_body_exact_duplicate
I_41490,0,isot_body_exact_duplicate
I_41492,0,isot_body_exact_duplicate
I_41546,0,isot_body_exact_duplicate
I_41555,0,isot_body_exact_duplicate
I_41556,0,isot_body_exact_duplicate
I_41667,0,isot_body_exact_duplicate
I_41711,0,isot_body_exact_duplicate
I_41723,0,isot_body_exact_duplicate
I_41798,0,isot_body_exact_duplicate
I_41869,0,isot_body_exact_duplicate
I_41887,0,isot_body_exact_duplicate
I_41902,0,isot_body_exact_duplicate
I_42074,0,isot_body_exact_duplicate
I_42099,0,isot_body_exact_duplicate
I_42106,0,isot_body_exact_duplicate
I_42121,0,isot_body_exact_duplicate
I_42123,0,isot_body_exact_duplicate
I_42125,0,isot_body_exact_duplicate
I_42152,0,isot_body_exact_duplicate
I_42202,0,isot_body_exact_duplicate
I_42239,0,isot_body_exact_duplicate
I_42242,0,isot_body_exact_duplicate
I_42248,0,isot_body_exact_duplicate
I_42258,0,isot_body_exact_duplicate
I_42319,0,isot_body_exact_duplicate
I_42338,0,isot_body_exact_duplicate
I_42414,0,isot_body_exact_duplicate
I_42468,0,isot_body_exact_duplicate
I_42480,0,isot_body_exact_duplicate
I_42523,0,isot_body_exact_duplicate
I_42539,0,isot_body_exact_duplicate
I_42540,0,isot_body_exact_duplicate
I_42548,0,isot_body_exact_duplicate
I_42621,0,isot_body_exact_duplicate
I_42638,0,isot_body_exact_duplicate
I_42648,0,isot_body_exact_duplicate
I_42704,0,isot_body_exact_duplicate
I_42758,0,isot_body_exact_duplicate
I_42759,0,isot_body_exact_duplicate
I_42764,0,isot_body_exact_duplicate
I_42767,0,isot_body_exact_duplicate
I_42786,0,isot_body_exact_duplicate
I_42790,0,isot_body_exact_duplicate
I_42806,0,isot_body_exact_duplicate
I_42814,0,isot_body_exact_duplicate
I_42829,0,isot_body_exact_duplicate
I_42830,0,isot_body_exact_duplicate
I_42848,0,isot_body_exact_duplicate
I_42851,0,isot_body_exact_duplicate
I_42853,0,isot_body_exact_duplicate
I_42856,0,isot_body_exact_duplicate
I_42861,0,isot_body_exact_duplicate
I_42866,0,isot_body_exact_duplicate
I_42872,0,isot_body_exact_duplicate
I_42878,0,isot_body_exact_duplicate
I_42879,0,isot_body_exact_duplicate
I_42886,0,isot_body_exact_duplicate
I_42891,0,isot_body_exact_duplicate
I_42896,0,isot_body_exact_duplicate
I_42904,0,isot_body_exact_duplicate
I_42909,0,isot_body_exact_duplicate
I_42919,0,isot_body_exact_duplicate
I_42928,0,isot_body_exact_duplicate
I_42933,0,isot_body_exact_duplicate
I_42943,0,isot_body_exact_duplicate
I_43183,0,isot_body_exact_duplicate
I_43195,0,isot_body_exact_duplicate
I_43199,0,isot_body_exact_duplicate
I_43200,0,isot_body_exact_duplicate
I_43217,0,isot_body_exact_duplicate
I_43255,0,isot_body_exact_duplicate
I_43269,0,isot_body_exact_duplicate
I_43297,0,isot_body_exact_duplicate
I_43302,0,isot_body_exact_duplicate
I_43401,0,isot_body_exact_duplicate
I_43403,0,isot_body_exact_duplicate
I_43516,0,isot_body_exact_duplicate
I_43583,0,isot_body_exact_duplicate
I_43716,0,isot_body_exact_duplicate
I_43734,0,isot_body_exact_duplicate
I_43735,0,isot_body_exact_duplicate
I_43740,0,isot_body_exact_duplicate
I_43775,0,isot_body_exact_duplicate
I_43849,0,isot_body_exact_duplicate
I_43905,0,isot_body_exact_duplicate
I_43906,0,isot_body_exact_duplicate
I_43933,0,isot_body_exact_duplicate
I_43945,0,isot_body_exact_duplicate
I_43959,0,isot_body_exact_duplicate
I_44003,0,isot_body_exact_duplicate
I_44076,0,isot_body_exact_duplicate
I_44166,0,isot_body_exact_duplicate
I_44304,0,isot_body_exact_duplicate
I_44393,0,isot_body_exact_duplicate
I_44576,0,isot_body_exact_duplicate
I_44585,0,isot_body_exact_duplicate
I_44633,0,isot_body_exact_duplicate
I_44685,0,isot_body_exact_duplicate
I_44699,0,isot_body_exact_duplicate
I_44709,0,isot_body_exact_duplicate
I_44744,0,isot_body_exact_duplicate
I_44771,0,isot_body_exact_duplicate
I_44781,0,isot_body_exact_duplicate
I_44807,0,isot_body_exact_duplicate
I_44812,0,isot_body_exact_duplicate
I_44834,0,isot_body_exact_duplicate
I_44837,0,isot_body_exact_duplicate
I_44883,0,isot_body_exact_duplicate
I_44884,0,isot_body_exact_duplicate
I_44886,0,isot_body_exact_duplicate
I_44889,0,isot_body_exact_duplicate
I_44893,0,isot_body_exact_duplicate
I_3801,1,cross_dataset_exact_body_or_title
I_3818,1,cross_dataset_exact_body_or_title
I_3820,1,cross_dataset_exact_body_or_title
I_3839,1,cross_dataset_exact_body_or_title
I_3918,1,cross_dataset_exact_body_or_title
I_3927,1,cross_dataset_exact_body_or_title
I_4000,1,cross_dataset_exact_body_or_title
I_12331,1,cross_dataset_exact_body_or_title
I_12354,1,cross_dataset_exact_body_or_title
I_12416,1,cross_dataset_exact_body_or_title
I_14633,1,cross_dataset_exact_body_or_title
I_22348,1,cross_dataset_exact_body_or_title
I_22351,1,cross_dataset_exact_body_or_title
I_22374,1,cross_dataset_exact_body_or_title
I_22378,1,cross_dataset_exact_body_or_title
I_22379,1,cross_dataset_exact_body_or_title
I_22382,1,cross_dataset_exact_body_or_title
I_22388,1,cross_dataset_exact_body_or_title
I_22389,1,cross_dataset_exact_body_or_title
I_22401,1,cross_dataset_exact_body_or_title
I_22406,1,cross_dataset_exact_body_or_title
I_22407,1,cross_dataset_exact_body_or_title
I_22413,1,cross_dataset_exact_body_or_title
I_22419,1,cross_dataset_exact_body_or_title
I_22420,1,cross_dataset_exact_body_or_title
I_31080,0,cross_dataset_exact_body_or_title
I_31124,0,cross_dataset_exact_body_or_title
I_31151,0,cross_dataset_exact_body_or_title
I_31157,0,cross_dataset_exact_body_or_title
I_31163,0,cross_dataset_exact_body_or_title
